Workbook

Sheet Лист3 (2)
M1: Курс | N1: 2.85
B2: .2025 РОЗА | C2: кол-во | D2: цена | F2: там | G2: c/c | H2: rb | I2: ss | J2: ssnew | K2: gomel | L2: цена | M2: сп | N2: BYN | O2: сп BYN
A3: =[1]Лист4!A174 -> 8 | B3: =[1]Лист4!C174 -> AKM05 Пион Сара Бернард | C3: =[1]Лист4!D174 -> 50 | D3: =[1]Лист4!F174 -> 0.8 | E3: =D3*C3 -> 40 | F3: =D3*1.18*0.07 -> 0.06608 | G3: =ROUND((((D3*1.15)*1.18)+F3+0.14)*1.2,2) -> 1.55 | H3: =ROUNDUP(G3*1.04*$N$1,2) -> 4.6 | I3: =ROUNDUP(G3*1.2*$N$1,2) -> 5.31 | J3: =ROUNDUP(G3*1.03*$N$1,2) -> 4.56 | K3: =N3*0.95 -> 0 | M3: =ROUNDUP(L3*0.88,2) -> 0 | N3: =ROUNDUP(L3*$N$1,2) -> 0 | O3: =ROUNDUP(N3*0.88,2) -> 0 | P3: =G3*C3 -> 77.5 | Q3: =L3*C3 -> 0 | R3: =Q3-P3 -> -77.5 | T3: Paeo L Sara Bernhard
A4: =[1]Лист4!A175 -> 8 | B4: =[1]Лист4!C175 -> AKM06 Пион Сара Бернард | C4: =[1]Лист4!D175 -> 50 | D4: =[1]Лист4!F175 -> 0.98 | E4: =D4*C4 -> 49 | F4: =D4*1.18*0.07 -> 0.080948 | G4: =ROUND((((D4*1.15)*1.18)+F4+0.14)*1.2,2) -> 1.86 | H4: =ROUNDUP(G4*1.04*$N$1,2) -> 5.52 | I4: =ROUNDUP(G4*1.2*$N$1,2) -> 6.37 | J4: =ROUNDUP(G4*1.03*$N$1,2) -> 5.47 | K4: =N4*0.95 -> 0 | M4: =ROUNDUP(L4*0.88,2) -> 0 | N4: =ROUNDUP(L4*$N$1,2) -> 0 | O4: =ROUNDUP(N4*0.88,2) -> 0 | P4: =G4*C4 -> 93 | Q4: =L4*C4 -> 0 | R4: =Q4-P4 -> -93 | T4: Paeo L Sara Bernhard
A5: =[1]Лист4!A137 -> 8 | B5: =[1]Лист4!C137 -> AKM12 Гортензия Мэджик корал | C5: =[1]Лист4!D137 -> 10 | D5: =[1]Лист4!F137 -> 2 | E5: =D5*C5 -> 20 | F5: =D5*1.18*0.07 -> 0.1652 | G5: =ROUND((((D5*1.15)*1.18)+F5+0.14)*1.2,2) -> 3.62 | H5: =ROUNDUP(G5*1.04*$N$1,2) -> 10.73 | I5: =ROUNDUP(G5*1.2*$N$1,2) -> 12.39 | J5: =ROUNDUP(G5*1.03*$N$1,2) -> 10.63 | K5: =N5*0.95 -> 0 | M5: =ROUNDUP(L5*0.88,2) -> 0 | N5: =ROUNDUP(L5*$N$1,2) -> 0 | O5: =ROUNDUP(N5*0.88,2) -> 0 | P5: =G5*C5 -> 36.2 | Q5: =L5*C5 -> 0 | R5: =Q5-P5 -> -36.2 | T5: Hydr M Mag Coral
A6: =[1]Лист4!A151 -> 8 | B6: =[1]Лист4!C151 -> AKM12 Лимониум фиолетовый | C6: =[1]Лист4!D151 -> 25 | D6: =[1]Лист4!F151 -> 0.63 | E6: =D6*C6 -> 15.75 | F6: =D6*1.18*0.07 -> 0.052038 | G6: =ROUND((((D6*1.15)*1.18)+F6+0.14)*1.2,2) -> 1.26 | H6: =ROUNDUP(G6*1.04*$N$1,2) -> 3.74 | I6: =ROUNDUP(G6*1.2*$N$1,2) -> 4.31 | J6: =ROUNDUP(G6*1.03*$N$1,2) -> 3.7 | K6: =N6*0.95 -> 0 | M6: =ROUNDUP(L6*0.88,2) -> 0 | N6: =ROUNDUP(L6*$N$1,2) -> 0 | O6: =ROUNDUP(N6*0.88,2) -> 0 | P6: =G6*C6 -> 31.5 | Q6: =L6*C6 -> 0 | R6: =Q6-P6 -> -31.5 | T6: Lim Maine Blue
A7: =[1]Лист4!A168 -> 8 | B7: =[1]Лист4!C168 -> AKM12 Пион Александр Флейминг | C7: =[1]Лист4!D168 -> 50 | D7: =[1]Лист4!F168 -> 0.98 | E7: =D7*C7 -> 49 | F7: =D7*1.18*0.07 -> 0.080948 | G7: =ROUND((((D7*1.15)*1.18)+F7+0.14)*1.2,2) -> 1.86 | H7: =ROUNDUP(G7*1.04*$N$1,2) -> 5.52 | I7: =ROUNDUP(G7*1.2*$N$1,2) -> 6.37 | J7: =ROUNDUP(G7*1.03*$N$1,2) -> 5.47 | K7: =N7*0.95 -> 0 | M7: =ROUNDUP(L7*0.88,2) -> 0 | N7: =ROUNDUP(L7*$N$1,2) -> 0 | O7: =ROUNDUP(N7*0.88,2) -> 0 | P7: =G7*C7 -> 93 | Q7: =L7*C7 -> 0 | R7: =Q7-P7 -> -93 | T7: Paeo L Alex Fleming
A8: =[1]Лист4!A167 -> 8 | B8: =[1]Лист4!C167 -> AKM12 Пион Алертие | C8: =[1]Лист4!D167 -> 60 | D8: =[1]Лист4!F167 -> 0.71 | E8: =D8*C8 -> 42.6 | F8: =D8*1.18*0.07 -> 0.058646 | G8: =ROUND((((D8*1.15)*1.18)+F8+0.14)*1.2,2) -> 1.39 | H8: =ROUNDUP(G8*1.04*$N$1,2) -> 4.12 | I8: =ROUNDUP(G8*1.2*$N$1,2) -> 4.76 | J8: =ROUNDUP(G8*1.03*$N$1,2) -> 4.09 | K8: =N8*0.95 -> 0 | M8: =ROUNDUP(L8*0.88,2) -> 0 | N8: =ROUNDUP(L8*$N$1,2) -> 0 | O8: =ROUNDUP(N8*0.88,2) -> 0 | P8: =G8*C8 -> 83.4 | Q8: =L8*C8 -> 0 | R8: =Q8-P8 -> -83.4 | T8: Paeo L Alertie
A9: =[1]Лист4!A169 -> 8 | B9: =[1]Лист4!C169 -> AKM12 Пион Дюшес белый | C9: =[1]Лист4!D169 -> 40 | D9: =[1]Лист4!F169 -> 0.61 | E9: =D9*C9 -> 24.4 | F9: =D9*1.18*0.07 -> 0.050386 | G9: =ROUND((((D9*1.15)*1.18)+F9+0.14)*1.2,2) -> 1.22 | H9: =ROUNDUP(G9*1.04*$N$1,2) -> 3.62 | I9: =ROUNDUP(G9*1.2*$N$1,2) -> 4.18 | J9: =ROUNDUP(G9*1.03*$N$1,2) -> 3.59 | K9: =N9*0.95 -> 0 | M9: =ROUNDUP(L9*0.88,2) -> 0 | N9: =ROUNDUP(L9*$N$1,2) -> 0 | O9: =ROUNDUP(N9*0.88,2) -> 0 | P9: =G9*C9 -> 48.8 | Q9: =L9*C9 -> 0 | R9: =Q9-P9 -> -48.8 | T9: Paeo L Duches D Nemo
A10: =[1]Лист4!A170 -> 8 | B10: =[1]Лист4!C170 -> AKM12 Пион Канзас | C10: =[1]Лист4!D170 -> 50 | D10: =[1]Лист4!F170 -> 0.77 | E10: =D10*C10 -> 38.5 | F10: =D10*1.18*0.07 -> 0.063602 | G10: =ROUND((((D10*1.15)*1.18)+F10+0.14)*1.2,2) -> 1.5 | H10: =ROUNDUP(G10*1.04*$N$1,2) -> 4.45 | I10: =ROUNDUP(G10*1.2*$N$1,2) -> 5.13 | J10: =ROUNDUP(G10*1.03*$N$1,2) -> 4.41 | K10: =N10*0.95 -> 0 | M10: =ROUNDUP(L10*0.88,2) -> 0 | N10: =ROUNDUP(L10*$N$1,2) -> 0 | O10: =ROUNDUP(N10*0.88,2) -> 0 | P10: =G10*C10 -> 75 | Q10: =L10*C10 -> 0 | R10: =Q10-P10 -> -75 | T10: Paeo L Kansas
A11: =[1]Лист4!A165 -> 8 | B11: =[1]Лист4!C165 -> AKM12 Пион Корал Сансет | C11: =[1]Лист4!D165 -> 40 | D11: =[1]Лист4!F165 -> 0.61 | E11: =D11*C11 -> 24.4 | F11: =D11*1.18*0.07 -> 0.050386 | G11: =ROUND((((D11*1.15)*1.18)+F11+0.14)*1.2,2) -> 1.22 | H11: =ROUNDUP(G11*1.04*$N$1,2) -> 3.62 | I11: =ROUNDUP(G11*1.2*$N$1,2) -> 4.18 | J11: =ROUNDUP(G11*1.03*$N$1,2) -> 3.59 | K11: =N11*0.95 -> 0 | M11: =ROUNDUP(L11*0.88,2) -> 0 | N11: =ROUNDUP(L11*$N$1,2) -> 0 | O11: =ROUNDUP(N11*0.88,2) -> 0 | P11: =G11*C11 -> 48.8 | Q11: =L11*C11 -> 0 | R11: =Q11-P11 -> -48.8 | T11: Paeo Coral Sunset
A12: =[1]Лист4!A14 -> 1 | B12: =[1]Лист4!C14 -> AKM12 Роза ветваистая париж Розевер 60 | C12: =[1]Лист4!D14 -> 30 | D12: =[1]Лист4!F14 -> 0.82 | E12: =D12*C12 -> 24.6 | F12: =D12*1.18*0.07 -> 0.067732 | G12: =ROUND((((D12*1.15)*1.18)+F12+0.14)*1.2,2) -> 1.58 | H12: =ROUNDUP(G12*1.04*$N$1,2) -> 4.69 | I12: =ROUNDUP(G12*1.2*$N$1,2) -> 5.41 | J12: =ROUNDUP(G12*1.03*$N$1,2) -> 4.64 | K12: =N12*0.95 -> 0 | M12: =ROUNDUP(L12*0.88,2) -> 0 | N12: =ROUNDUP(L12*$N$1,2) -> 0 | O12: =ROUNDUP(N12*0.88,2) -> 0 | P12: =G12*C12 -> 47.4 | Q12: =L12*C12 -> 0 | R12: =Q12-P12 -> -47.4 | T12: R Tr Paris Rosever
A13: =[1]Лист4!A7 -> 1 | B13: =[1]Лист4!C7 -> AKM12 Роза ветвистая Пинк Дименсион NL 50 | C13: =[1]Лист4!D7 -> 30 | D13: =[1]Лист4!F7 -> 0.88 | E13: =D13*C13 -> 26.4 | F13: =D13*1.18*0.07 -> 0.072688 | G13: =ROUND((((D13*1.15)*1.18)+F13+0.14)*1.2,2) -> 1.69 | H13: =ROUNDUP(G13*1.04*$N$1,2) -> 5.01 | I13: =ROUNDUP(G13*1.2*$N$1,2) -> 5.78 | J13: =ROUNDUP(G13*1.03*$N$1,2) -> 4.97 | K13: =N13*0.95 -> 0 | M13: =ROUNDUP(L13*0.88,2) -> 0 | N13: =ROUNDUP(L13*$N$1,2) -> 0 | O13: =ROUNDUP(N13*0.88,2) -> 0 | P13: =G13*C13 -> 50.7 | Q13: =L13*C13 -> 0 | R13: =Q13-P13 -> -50.7 | T13: R Tr Pink Dimension
A14: =[1]Лист4!A16 -> 1 | B14: =[1]Лист4!C16 -> AKM12 Роза ветвистая Сноу трендсетр NL 60 | C14: =[1]Лист4!D16 -> 60 | D14: =[1]Лист4!F16 -> 0.53 | E14: =D14*C14 -> 31.8 | F14: =D14*1.18*0.07 -> 0.043778 | G14: =ROUND((((D14*1.15)*1.18)+F14+0.14)*1.2,2) -> 1.08 | H14: =ROUNDUP(G14*1.04*$N$1,2) -> 3.21 | I14: =ROUNDUP(G14*1.2*$N$1,2) -> 3.7 | J14: =ROUNDUP(G14*1.03*$N$1,2) -> 3.18 | K14: =N14*0.95 -> 0 | M14: =ROUNDUP(L14*0.88,2) -> 0 | N14: =ROUNDUP(L14*$N$1,2) -> 0 | O14: =ROUNDUP(N14*0.88,2) -> 0 | P14: =G14*C14 -> 64.8 | Q14: =L14*C14 -> 0 | R14: =Q14-P14 -> -64.8 | T14: R Tr Sno Trendsetter Water
A15: =[1]Лист4!A153 -> 8 | B15: =[1]Лист4!C153 -> AKM12 Статица розовая | C15: =[1]Лист4!D153 -> 50 | D15: =[1]Лист4!F153 -> 0.64 | E15: =D15*C15 -> 32 | F15: =D15*1.18*0.07 -> 0.052864 | G15: =ROUND((((D15*1.15)*1.18)+F15+0.14)*1.2,2) -> 1.27 | H15: =ROUNDUP(G15*1.04*$N$1,2) -> 3.77 | I15: =ROUNDUP(G15*1.2*$N$1,2) -> 4.35 | J15: =ROUNDUP(G15*1.03*$N$1,2) -> 3.73 | K15: =N15*0.95 -> 0 | M15: =ROUNDUP(L15*0.88,2) -> 0 | N15: =ROUNDUP(L15*$N$1,2) -> 0 | O15: =ROUNDUP(N15*0.88,2) -> 0 | P15: =G15*C15 -> 63.5 | Q15: =L15*C15 -> 0 | R15: =Q15-P15 -> -63.5 | T15: Lim S Fantasia Wings
A16: =[1]Лист4!A92 -> 8 | B16: =[1]Лист4!C92 -> AKM12 Хамелациум белый | C16: =[1]Лист4!D92 -> 50 | D16: =[1]Лист4!F92 -> 0.64 | E16: =D16*C16 -> 32 | F16: =D16*1.18*0.07 -> 0.052864 | G16: =ROUND((((D16*1.15)*1.18)+F16+0.14)*1.2,2) -> 1.27 | H16: =ROUNDUP(G16*1.04*$N$1,2) -> 3.77 | I16: =ROUNDUP(G16*1.2*$N$1,2) -> 4.35 | J16: =ROUNDUP(G16*1.03*$N$1,2) -> 3.73 | K16: =N16*0.95 -> 0 | M16: =ROUNDUP(L16*0.88,2) -> 0 | N16: =ROUNDUP(L16*$N$1,2) -> 0 | O16: =ROUNDUP(N16*0.88,2) -> 0 | P16: =G16*C16 -> 63.5 | Q16: =L16*C16 -> 0 | R16: =Q16-P16 -> -63.5 | T16: Chame Un Eve
A17: =[1]Лист4!A38 -> 2 | B17: =[1]Лист4!C38 -> AKM12 Хризантема сантини белая | C17: =[1]Лист4!D38 -> 50 | D17: =[1]Лист4!F38 -> 0.43 | E17: =D17*C17 -> 21.5 | F17: =D17*1.18*0.07 -> 0.035518 | G17: =ROUND((((D17*1.15)*1.18)+F17+0.14)*1.2,2) -> 0.91 | H17: =ROUNDUP(G17*1.04*$N$1,2) -> 2.7 | I17: =ROUNDUP(G17*1.2*$N$1,2) -> 3.12 | J17: =ROUNDUP(G17*1.03*$N$1,2) -> 2.68 | K17: =N17*0.95 -> 0 | M17: =ROUNDUP(L17*0.88,2) -> 0 | N17: =ROUNDUP(L17*$N$1,2) -> 0 | O17: =ROUNDUP(N17*0.88,2) -> 0 | P17: =G17*C17 -> 45.5 | Q17: =L17*C17 -> 0 | R17: =Q17-P17 -> -45.5 | T17: Chr S Mad Lindi Whit
A18: =[1]Лист4!A74 -> 8 | B18: =[1]Лист4!C74 -> AKM13 Аллиум | C18: =[1]Лист4!D74 -> 100 | D18: =[1]Лист4!F74 -> 0.01 | E18: =D18*C18 -> 1 | F18: =D18*1.18*0.07 -> 0.000826 | G18: =ROUND((((D18*1.15)*1.18)+F18+0.14)*1.2,2) -> 0.19 | H18: =ROUNDUP(G18*1.04*$N$1,2) -> 0.57 | I18: =ROUNDUP(G18*1.2*$N$1,2) -> 0.65 | J18: =ROUNDUP(G18*1.03*$N$1,2) -> 0.56 | K18: =N18*0.95 -> 0 | M18: =ROUNDUP(L18*0.88,2) -> 0 | N18: =ROUNDUP(L18*$N$1,2) -> 0 | O18: =ROUNDUP(N18*0.88,2) -> 0 | P18: =G18*C18 -> 19 | Q18: =L18*C18 -> 0 | R18: =Q18-P18 -> -19 | T18: Allium Ov
A19: =[1]Лист4!A100 -> 8 | B19: =[1]Лист4!C100 -> AKM13 Драцена флорида | C19: =[1]Лист4!D100 -> 50 | D19: =[1]Лист4!F100 -> 0.32 | E19: =D19*C19 -> 16 | F19: =D19*1.18*0.07 -> 0.026432 | G19: =ROUND((((D19*1.15)*1.18)+F19+0.14)*1.2,2) -> 0.72 | H19: =ROUNDUP(G19*1.04*$N$1,2) -> 2.14 | I19: =ROUNDUP(G19*1.2*$N$1,2) -> 2.47 | J19: =ROUNDUP(G19*1.03*$N$1,2) -> 2.12 | K19: =N19*0.95 -> 0 | M19: =ROUNDUP(L19*0.88,2) -> 0 | N19: =ROUNDUP(L19*$N$1,2) -> 0 | O19: =ROUNDUP(N19*0.88,2) -> 0 | P19: =G19*C19 -> 36 | Q19: =L19*C19 -> 0 | R19: =Q19-P19 -> -36 | T19: Drac Surculosa Florida Beauty
A20: =[1]Лист4!A198 -> 8 | B20: =[1]Лист4!C198 -> AKM13 Калла Раноми | C20: =[1]Лист4!D198 -> 20 | D20: =[1]Лист4!F198 -> 0.49 | E20: =D20*C20 -> 9.8 | F20: =D20*1.18*0.07 -> 0.040474 | G20: =ROUND((((D20*1.15)*1.18)+F20+0.14)*1.2,2) -> 1.01 | H20: =ROUNDUP(G20*1.04*$N$1,2) -> 3 | I20: =ROUNDUP(G20*1.2*$N$1,2) -> 3.46 | J20: =ROUNDUP(G20*1.03*$N$1,2) -> 2.97 | K20: =N20*0.95 -> 0 | M20: =ROUNDUP(L20*0.88,2) -> 0 | N20: =ROUNDUP(L20*$N$1,2) -> 0 | O20: =ROUNDUP(N20*0.88,2) -> 0 | P20: =G20*C20 -> 20.2 | Q20: =L20*C20 -> 0 | R20: =Q20-P20 -> -20.2 | T20: Zant Capt Ranomi
A21: =[1]Лист4!A70 -> 6 | B21: =[1]Лист4!C70 -> AKM13 Лилия белая | C21: =[1]Лист4!D70 -> 40 | D21: =[1]Лист4!F70 -> 1.1 | E21: =D21*C21 -> 44 | F21: =D21*1.18*0.07 -> 0.09086 | G21: =ROUND((((D21*1.15)*1.18)+F21+0.14)*1.2,2) -> 2.07 | H21: =ROUNDUP(G21*1.04*$N$1,2) -> 6.14 | I21: =ROUNDUP(G21*1.2*$N$1,2) -> 7.08 | J21: =ROUNDUP(G21*1.03*$N$1,2) -> 6.08 | K21: =N21*0.95 -> 0 | M21: =ROUNDUP(L21*0.88,2) -> 0 | N21: =ROUNDUP(L21*$N$1,2) -> 0 | O21: =ROUNDUP(N21*0.88,2) -> 0 | P21: =G21*C21 -> 82.8 | Q21: =L21*C21 -> 0 | R21: =Q21-P21 -> -82.8 | T21: Li Or Helvetia
A22: =[1]Лист4!A157 -> 8 | B22: =[1]Лист4!C157 -> AKM13 Лимониум белый | C22: =[1]Лист4!D157 -> 50 | D22: =[1]Лист4!F157 -> 0.32 | E22: =D22*C22 -> 16 | F22: =D22*1.18*0.07 -> 0.026432 | G22: =ROUND((((D22*1.15)*1.18)+F22+0.14)*1.2,2) -> 0.72 | H22: =ROUNDUP(G22*1.04*$N$1,2) -> 2.14 | I22: =ROUNDUP(G22*1.2*$N$1,2) -> 2.47 | J22: =ROUNDUP(G22*1.03*$N$1,2) -> 2.12 | K22: =N22*0.95 -> 0 | M22: =ROUNDUP(L22*0.88,2) -> 0 | N22: =ROUNDUP(L22*$N$1,2) -> 0 | O22: =ROUNDUP(N22*0.88,2) -> 0 | P22: =G22*C22 -> 36 | Q22: =L22*C22 -> 0 | R22: =Q22-P22 -> -36 | T22: Lim Sin Sen P Colada
A23: =[1]Лист4!A156 -> 8 | B23: =[1]Лист4!C156 -> AKM13 Лимониум синий | C23: =[1]Лист4!D156 -> 50 | D23: =[1]Лист4!F156 -> 0.37 | E23: =D23*C23 -> 18.5 | F23: =D23*1.18*0.07 -> 0.030562 | G23: =ROUND((((D23*1.15)*1.18)+F23+0.14)*1.2,2) -> 0.81 | H23: =ROUNDUP(G23*1.04*$N$1,2) -> 2.41 | I23: =ROUNDUP(G23*1.2*$N$1,2) -> 2.78 | J23: =ROUNDUP(G23*1.03*$N$1,2) -> 2.38 | K23: =N23*0.95 -> 0 | M23: =ROUNDUP(L23*0.88,2) -> 0 | N23: =ROUNDUP(L23*$N$1,2) -> 0 | O23: =ROUNDUP(N23*0.88,2) -> 0 | P23: =G23*C23 -> 40.5 | Q23: =L23*C23 -> 0 | R23: =Q23-P23 -> -40.5 | T23: Lim Saf Lilac
A24: =[1]Лист4!A166 -> 8 | B24: =[1]Лист4!C166 -> AKM13 Пион Диана | C24: =[1]Лист4!D166 -> 40 | D24: =[1]Лист4!F166 -> 0.58 | E24: =D24*C24 -> 23.2 | F24: =D24*1.18*0.07 -> 0.047908 | G24: =ROUND((((D24*1.15)*1.18)+F24+0.14)*1.2,2) -> 1.17 | H24: =ROUNDUP(G24*1.04*$N$1,2) -> 3.47 | I24: =ROUNDUP(G24*1.2*$N$1,2) -> 4.01 | J24: =ROUNDUP(G24*1.03*$N$1,2) -> 3.44 | K24: =N24*0.95 -> 0 | M24: =ROUNDUP(L24*0.88,2) -> 0 | N24: =ROUNDUP(L24*$N$1,2) -> 0 | O24: =ROUNDUP(N24*0.88,2) -> 0 | P24: =G24*C24 -> 46.8 | Q24: =L24*C24 -> 0 | R24: =Q24-P24 -> -46.8 | T24: Paeo Diana Parks
A25: =[1]Лист4!A171 -> 8 | B25: =[1]Лист4!C171 -> AKM13 Пион Карл | C25: =[1]Лист4!D171 -> 100 | D25: =[1]Лист4!F171 -> 0.53 | E25: =D25*C25 -> 53 | F25: =D25*1.18*0.07 -> 0.043778 | G25: =ROUND((((D25*1.15)*1.18)+F25+0.14)*1.2,2) -> 1.08 | H25: =ROUNDUP(G25*1.04*$N$1,2) -> 3.21 | I25: =ROUNDUP(G25*1.2*$N$1,2) -> 3.7 | J25: =ROUNDUP(G25*1.03*$N$1,2) -> 3.18 | K25: =N25*0.95 -> 0 | M25: =ROUNDUP(L25*0.88,2) -> 0 | N25: =ROUNDUP(L25*$N$1,2) -> 0 | O25: =ROUNDUP(N25*0.88,2) -> 0 | P25: =G25*C25 -> 108 | Q25: =L25*C25 -> 0 | R25: =Q25-P25 -> -108 | T25: Paeo L Karl Rosenf
A26: =[1]Лист4!A172 -> 8 | B26: =[1]Лист4!C172 -> AKM13 Пион мисс Америка | C26: =[1]Лист4!D172 -> 60 | D26: =[1]Лист4!F172 -> 0.45 | E26: =D26*C26 -> 27 | F26: =D26*1.18*0.07 -> 0.03717 | G26: =ROUND((((D26*1.15)*1.18)+F26+0.14)*1.2,2) -> 0.95 | H26: =ROUNDUP(G26*1.04*$N$1,2) -> 2.82 | I26: =ROUNDUP(G26*1.2*$N$1,2) -> 3.25 | J26: =ROUNDUP(G26*1.03*$N$1,2) -> 2.79 | K26: =N26*0.95 -> 0 | M26: =ROUNDUP(L26*0.88,2) -> 0 | N26: =ROUNDUP(L26*$N$1,2) -> 0 | O26: =ROUNDUP(N26*0.88,2) -> 0 | P26: =G26*C26 -> 57 | Q26: =L26*C26 -> 0 | R26: =Q26-P26 -> -57 | T26: Paeo L Miss America
A27: =[1]Лист4!A185 -> 8 | B27: =[1]Лист4!C185 -> AKM13 Ранункулус клуни Ханой | C27: =[1]Лист4!D185 -> 90 | D27: =[1]Лист4!F185 -> 2.18 | E27: =D27*C27 -> 196.2 | F27: =D27*1.18*0.07 -> 0.180068 | G27: =ROUND((((D27*1.15)*1.18)+F27+0.14)*1.2,2) -> 3.93 | H27: =ROUNDUP(G27*1.04*$N$1,2) -> 11.65 | I27: =ROUNDUP(G27*1.2*$N$1,2) -> 13.45 | J27: =ROUNDUP(G27*1.03*$N$1,2) -> 11.54 | K27: =N27*0.95 -> 0 | M27: =ROUNDUP(L27*0.88,2) -> 0 | N27: =ROUNDUP(L27*$N$1,2) -> 0 | O27: =ROUNDUP(N27*0.88,2) -> 0 | P27: =G27*C27 -> 353.7 | Q27: =L27*C27 -> 0 | R27: =Q27-P27 -> -353.7 | T27: Ran Su Hanoi
A28: =[1]Лист4!A11 -> 1 | B28: =[1]Лист4!C11 -> AKM13 Роза H3o NL 60 | C28: =[1]Лист4!D11 -> 120 | D28: =[1]Лист4!F11 -> 0.2 | E28: =D28*C28 -> 24 | F28: =D28*1.18*0.07 -> 0.01652 | G28: =ROUND((((D28*1.15)*1.18)+F28+0.14)*1.2,2) -> 0.51 | H28: =ROUNDUP(G28*1.04*$N$1,2) -> 1.52 | I28: =ROUNDUP(G28*1.2*$N$1,2) -> 1.75 | J28: =ROUNDUP(G28*1.03*$N$1,2) -> 1.5 | K28: =N28*0.95 -> 0 | M28: =ROUNDUP(L28*0.88,2) -> 0 | N28: =ROUNDUP(L28*$N$1,2) -> 0 | O28: =ROUNDUP(N28*0.88,2) -> 0 | P28: =G28*C28 -> 61.2 | Q28: =L28*C28 -> 0 | R28: =Q28-P28 -> -61.2 | T28: R Gr H3o
A29: =[1]Лист4!A10 -> 1 | B29: =[1]Лист4!C10 -> AKM13 Роза Бизу NL 60 | C29: =[1]Лист4!D10 -> 100 | D29: =[1]Лист4!F10 -> 0.2 | E29: =D29*C29 -> 20 | F29: =D29*1.18*0.07 -> 0.01652 | G29: =ROUND((((D29*1.15)*1.18)+F29+0.14)*1.2,2) -> 0.51 | H29: =ROUNDUP(G29*1.04*$N$1,2) -> 1.52 | I29: =ROUNDUP(G29*1.2*$N$1,2) -> 1.75 | J29: =ROUNDUP(G29*1.03*$N$1,2) -> 1.5 | K29: =N29*0.95 -> 0 | M29: =ROUNDUP(L29*0.88,2) -> 0 | N29: =ROUNDUP(L29*$N$1,2) -> 0 | O29: =ROUNDUP(N29*0.88,2) -> 0 | P29: =G29*C29 -> 51 | Q29: =L29*C29 -> 0 | R29: =Q29-P29 -> -51 | T29: R Gr Bisou
A30: =[1]Лист4!A3 -> 1 | B30: =[1]Лист4!C3 -> AKM13 Роза Бэбифейс NL 50 | C30: =[1]Лист4!D3 -> 100 | D30: =[1]Лист4!F3 -> 0.16 | E30: =D30*C30 -> 16 | F30: =D30*1.18*0.07 -> 0.013216 | G30: =ROUND((((D30*1.15)*1.18)+F30+0.14)*1.2,2) -> 0.44 | H30: =ROUNDUP(G30*1.04*$N$1,2) -> 1.31 | I30: =ROUNDUP(G30*1.2*$N$1,2) -> 1.51 | J30: =ROUNDUP(G30*1.03*$N$1,2) -> 1.3 | K30: =N30*0.95 -> 0 | M30: =ROUNDUP(L30*0.88,2) -> 0 | N30: =ROUNDUP(L30*$N$1,2) -> 0 | O30: =ROUNDUP(N30*0.88,2) -> 0 | P30: =G30*C30 -> 44 | Q30: =L30*C30 -> 0 | R30: =Q30-P30 -> -44 | T30: R Gr Babyface
A31: =[1]Лист4!A24 -> 1 | B31: =[1]Лист4!C24 -> AKM13 Роза ветвистая Роял Блаш NL 70 | C31: =[1]Лист4!D24 -> 40 | D31: =[1]Лист4!F24 -> 2.58 | E31: =D31*C31 -> 103.2 | F31: =D31*1.18*0.07 -> 0.213108 | G31: =ROUND((((D31*1.15)*1.18)+F31+0.14)*1.2,2) -> 4.63 | H31: =ROUNDUP(G31*1.04*$N$1,2) -> 13.73 | I31: =ROUNDUP(G31*1.2*$N$1,2) -> 15.84 | J31: =ROUNDUP(G31*1.03*$N$1,2) -> 13.6 | K31: =N31*0.95 -> 0 | M31: =ROUNDUP(L31*0.88,2) -> 0 | N31: =ROUNDUP(L31*$N$1,2) -> 0 | O31: =ROUNDUP(N31*0.88,2) -> 0 | P31: =G31*C31 -> 185.2 | Q31: =L31*C31 -> 0 | R31: =Q31-P31 -> -185.2 | T31: R Tr Royal Blush (vip)
A32: =[1]Лист4!A19 -> 1 | B32: =[1]Лист4!C19 -> AKM13 Роза Джэкпот NL 70 | C32: =[1]Лист4!D19 -> 100 | D32: =[1]Лист4!F19 -> 0.2 | E32: =D32*C32 -> 20 | F32: =D32*1.18*0.07 -> 0.01652 | G32: =ROUND((((D32*1.15)*1.18)+F32+0.14)*1.2,2) -> 0.51 | H32: =ROUNDUP(G32*1.04*$N$1,2) -> 1.52 | I32: =ROUNDUP(G32*1.2*$N$1,2) -> 1.75 | J32: =ROUNDUP(G32*1.03*$N$1,2) -> 1.5 | K32: =N32*0.95 -> 0 | M32: =ROUNDUP(L32*0.88,2) -> 0 | N32: =ROUNDUP(L32*$N$1,2) -> 0 | O32: =ROUNDUP(N32*0.88,2) -> 0 | P32: =G32*C32 -> 51 | Q32: =L32*C32 -> 0 | R32: =Q32-P32 -> -51 | T32: R Gr Jackpot+
A33: =[1]Лист4!A9 -> 1 | B33: =[1]Лист4!C9 -> AKM13 Роза дэвид аустин Пьюрити 50 | C33: =[1]Лист4!D9 -> 72 | D33: =[1]Лист4!F9 -> 2.55 | E33: =D33*C33 -> 183.6 | F33: =D33*1.18*0.07 -> 0.21063 | G33: =ROUND((((D33*1.15)*1.18)+F33+0.14)*1.2,2) -> 4.57 | H33: =ROUNDUP(G33*1.04*$N$1,2) -> 13.55 | I33: =ROUNDUP(G33*1.2*$N$1,2) -> 15.63 | J33: =ROUNDUP(G33*1.03*$N$1,2) -> 13.42 | K33: =N33*0.95 -> 0 | M33: =ROUNDUP(L33*0.88,2) -> 0 | N33: =ROUNDUP(L33*$N$1,2) -> 0 | O33: =ROUNDUP(N33*0.88,2) -> 0 | P33: =G33*C33 -> 329.04 | Q33: =L33*C33 -> 0 | R33: =Q33-P33 -> -329.04 | T33: Rosa David Austin Purity
A34: =[1]Лист4!A4 -> 1 | B34: =[1]Лист4!C4 -> AKM13 Роза Квиксэнд NL 50 | C34: =[1]Лист4!D4 -> 100 | D34: =[1]Лист4!F4 -> 0.99 | E34: =D34*C34 -> 99 | F34: =D34*1.18*0.07 -> 0.081774 | G34: =ROUND((((D34*1.15)*1.18)+F34+0.14)*1.2,2) -> 1.88 | H34: =ROUNDUP(G34*1.04*$N$1,2) -> 5.58 | I34: =ROUNDUP(G34*1.2*$N$1,2) -> 6.43 | J34: =ROUNDUP(G34*1.03*$N$1,2) -> 5.52 | K34: =N34*0.95 -> 0 | M34: =ROUNDUP(L34*0.88,2) -> 0 | N34: =ROUNDUP(L34*$N$1,2) -> 0 | O34: =ROUNDUP(N34*0.88,2) -> 0 | P34: =G34*C34 -> 188 | Q34: =L34*C34 -> 0 | R34: =Q34-P34 -> -188 | T34: R Gr Quicksand
A35: =[1]Лист4!A20 -> 1 | B35: =[1]Лист4!C20 -> AKM13 Роза Роял романс 70 | C35: =[1]Лист4!D20 -> 20 | D35: =[1]Лист4!F20 -> 1.58 | E35: =D35*C35 -> 31.6 | F35: =D35*1.18*0.07 -> 0.130508 | G35: =ROUND((((D35*1.15)*1.18)+F35+0.14)*1.2,2) -> 2.9 | H35: =ROUNDUP(G35*1.04*$N$1,2) -> 8.6 | I35: =ROUNDUP(G35*1.2*$N$1,2) -> 9.92 | J35: =ROUNDUP(G35*1.03*$N$1,2) -> 8.52 | K35: =N35*0.95 -> 0 | M35: =ROUNDUP(L35*0.88,2) -> 0 | N35: =ROUNDUP(L35*$N$1,2) -> 0 | O35: =ROUNDUP(N35*0.88,2) -> 0 | P35: =G35*C35 -> 58 | Q35: =L35*C35 -> 0 | R35: =Q35-P35 -> -58 | T35: R Gr Royal Romance
A36: =[1]Лист4!A154 -> 8 | B36: =[1]Лист4!C154 -> AKM13 Статица белая | C36: =[1]Лист4!D154 -> 25 | D36: =[1]Лист4!F154 -> 0.37 | E36: =D36*C36 -> 9.25 | F36: =D36*1.18*0.07 -> 0.030562 | G36: =ROUND((((D36*1.15)*1.18)+F36+0.14)*1.2,2) -> 0.81 | H36: =ROUNDUP(G36*1.04*$N$1,2) -> 2.41 | I36: =ROUNDUP(G36*1.2*$N$1,2) -> 2.78 | J36: =ROUNDUP(G36*1.03*$N$1,2) -> 2.38 | K36: =N36*0.95 -> 0 | M36: =ROUNDUP(L36*0.88,2) -> 0 | N36: =ROUNDUP(L36*$N$1,2) -> 0 | O36: =ROUNDUP(N36*0.88,2) -> 0 | P36: =G36*C36 -> 20.25 | Q36: =L36*C36 -> 0 | R36: =Q36-P36 -> -20.25 | T36: Lim S Frost Wings
A37: =[1]Лист4!A152 -> 8 | B37: =[1]Лист4!C152 -> AKM13 Статица синяя | C37: =[1]Лист4!D152 -> 25 | D37: =[1]Лист4!F152 -> 0.33 | E37: =D37*C37 -> 8.25 | F37: =D37*1.18*0.07 -> 0.027258 | G37: =ROUND((((D37*1.15)*1.18)+F37+0.14)*1.2,2) -> 0.74 | H37: =ROUNDUP(G37*1.04*$N$1,2) -> 2.2 | I37: =ROUNDUP(G37*1.2*$N$1,2) -> 2.54 | J37: =ROUNDUP(G37*1.03*$N$1,2) -> 2.18 | K37: =N37*0.95 -> 0 | M37: =ROUNDUP(L37*0.88,2) -> 0 | N37: =ROUNDUP(L37*$N$1,2) -> 0 | O37: =ROUNDUP(N37*0.88,2) -> 0 | P37: =G37*C37 -> 18.5 | Q37: =L37*C37 -> 0 | R37: =Q37-P37 -> -18.5 | T37: Lim S Cryst Dark Blu
A38: =[1]Лист4!A155 -> 8 | B38: =[1]Лист4!C155 -> AKM13 Статица сиреневая | C38: =[1]Лист4!D155 -> 25 | D38: =[1]Лист4!F155 -> 0.32 | E38: =D38*C38 -> 8 | F38: =D38*1.18*0.07 -> 0.026432 | G38: =ROUND((((D38*1.15)*1.18)+F38+0.14)*1.2,2) -> 0.72 | H38: =ROUNDUP(G38*1.04*$N$1,2) -> 2.14 | I38: =ROUNDUP(G38*1.2*$N$1,2) -> 2.47 | J38: =ROUNDUP(G38*1.03*$N$1,2) -> 2.12 | K38: =N38*0.95 -> 0 | M38: =ROUNDUP(L38*0.88,2) -> 0 | N38: =ROUNDUP(L38*$N$1,2) -> 0 | O38: =ROUNDUP(N38*0.88,2) -> 0 | P38: =G38*C38 -> 18 | Q38: =L38*C38 -> 0 | R38: =Q38-P38 -> -18 | T38: Lim S Tessa Malva
A39: =[1]Лист4!A28 -> 2 | B39: =[1]Лист4!C28 -> AKM13 Хризантема 1 Магнум | C39: =[1]Лист4!D28 -> 120 | D39: =[1]Лист4!F28 -> 0.46 | E39: =D39*C39 -> 55.2 | F39: =D39*1.18*0.07 -> 0.037996 | G39: =ROUND((((D39*1.15)*1.18)+F39+0.14)*1.2,2) -> 0.96 | H39: =ROUNDUP(G39*1.04*$N$1,2) -> 2.85 | I39: =ROUNDUP(G39*1.2*$N$1,2) -> 3.29 | J39: =ROUNDUP(G39*1.03*$N$1,2) -> 2.82 | K39: =N39*0.95 -> 0 | M39: =ROUNDUP(L39*0.88,2) -> 0 | N39: =ROUNDUP(L39*$N$1,2) -> 0 | O39: =ROUNDUP(N39*0.88,2) -> 0 | P39: =G39*C39 -> 115.2 | Q39: =L39*C39 -> 0 | R39: =Q39-P39 -> -115.2 | T39: Chr G Magnum
A40: =[1]Лист4!A30 -> 2 | B40: =[1]Лист4!C30 -> AKM13 Хризантема 1 Маракуя | C40: =[1]Лист4!D30 -> 60 | D40: =[1]Лист4!F30 -> 0.48 | E40: =D40*C40 -> 28.8 | F40: =D40*1.18*0.07 -> 0.039648 | G40: =ROUND((((D40*1.15)*1.18)+F40+0.14)*1.2,2) -> 1 | H40: =ROUNDUP(G40*1.04*$N$1,2) -> 2.97 | I40: =ROUNDUP(G40*1.2*$N$1,2) -> 3.42 | J40: =ROUNDUP(G40*1.03*$N$1,2) -> 2.94 | K40: =N40*0.95 -> 0 | M40: =ROUNDUP(L40*0.88,2) -> 0 | N40: =ROUNDUP(L40*$N$1,2) -> 0 | O40: =ROUNDUP(N40*0.88,2) -> 0 | P40: =G40*C40 -> 60 | Q40: =L40*C40 -> 0 | R40: =Q40-P40 -> -60 | T40: Chr G Maracuja
A41: =[1]Лист4!A34 -> 2 | B41: =[1]Лист4!C34 -> AKM13 Хризантема 1 СуперБол | C41: =[1]Лист4!D34 -> 40 | D41: =[1]Лист4!F34 -> 0.94 | E41: =D41*C41 -> 37.6 | F41: =D41*1.18*0.07 -> 0.077644 | G41: =ROUND((((D41*1.15)*1.18)+F41+0.14)*1.2,2) -> 1.79 | H41: =ROUNDUP(G41*1.04*$N$1,2) -> 5.31 | I41: =ROUNDUP(G41*1.2*$N$1,2) -> 6.13 | J41: =ROUNDUP(G41*1.03*$N$1,2) -> 5.26 | K41: =N41*0.95 -> 0 | M41: =ROUNDUP(L41*0.88,2) -> 0 | N41: =ROUNDUP(L41*$N$1,2) -> 0 | O41: =ROUNDUP(N41*0.88,2) -> 0 | P41: =G41*C41 -> 71.6 | Q41: =L41*C41 -> 0 | R41: =Q41-P41 -> -71.6 | T41: Chr G Superbowl
A42: =[1]Лист4!A26 -> 2 | B42: =[1]Лист4!C26 -> AKM13 Хризантема 1 Ханимун | C42: =[1]Лист4!D26 -> 180 | D42: =[1]Лист4!F26 -> 0.48 | E42: =D42*C42 -> 86.4 | F42: =D42*1.18*0.07 -> 0.039648 | G42: =ROUND((((D42*1.15)*1.18)+F42+0.14)*1.2,2) -> 1 | H42: =ROUNDUP(G42*1.04*$N$1,2) -> 2.97 | I42: =ROUNDUP(G42*1.2*$N$1,2) -> 3.42 | J42: =ROUNDUP(G42*1.03*$N$1,2) -> 2.94 | K42: =N42*0.95 -> 0 | M42: =ROUNDUP(L42*0.88,2) -> 0 | N42: =ROUNDUP(L42*$N$1,2) -> 0 | O42: =ROUNDUP(N42*0.88,2) -> 0 | P42: =G42*C42 -> 180 | Q42: =L42*C42 -> 0 | R42: =Q42-P42 -> -180 | T42: Chr G Honeymoon
A43: =[1]Лист4!A101 -> 8 | B43: =[1]Лист4!C101 -> AKM13 Эрингиум Магнетар | C43: =[1]Лист4!D101 -> 60 | D43: =[1]Лист4!F101 -> 0.32 | E43: =D43*C43 -> 19.2 | F43: =D43*1.18*0.07 -> 0.026432 | G43: =ROUND((((D43*1.15)*1.18)+F43+0.14)*1.2,2) -> 0.72 | H43: =ROUNDUP(G43*1.04*$N$1,2) -> 2.14 | I43: =ROUNDUP(G43*1.2*$N$1,2) -> 2.47 | J43: =ROUNDUP(G43*1.03*$N$1,2) -> 2.12 | K43: =N43*0.95 -> 0 | M43: =ROUNDUP(L43*0.88,2) -> 0 | N43: =ROUNDUP(L43*$N$1,2) -> 0 | O43: =ROUNDUP(N43*0.88,2) -> 0 | P43: =G43*C43 -> 43.2 | Q43: =L43*C43 -> 0 | R43: =Q43-P43 -> -43.2 | T43: Eryn Magnetar Qstar
A44: =[1]Лист4!A288 -> 8 | B44: =[1]Лист4!C288 -> FGGD01 Вероника микс | C44: =[1]Лист4!D288 -> 150 | D44: =[1]Лист4!F288 -> 0.38 | E44: =D44*C44 -> 57 | F44: =D44*1.18*0.07 -> 0.031388 | G44: =ROUND((((D44*1.15)*1.18)+F44+0.14)*1.2,2) -> 0.82 | H44: =ROUNDUP(G44*1.04*$N$1,2) -> 2.44 | I44: =ROUNDUP(G44*1.2*$N$1,2) -> 2.81 | J44: =ROUNDUP(G44*1.03*$N$1,2) -> 2.41 | K44: =N44*0.95 -> 0 | M44: =ROUNDUP(L44*0.88,2) -> 0 | N44: =ROUNDUP(L44*$N$1,2) -> 0 | O44: =ROUNDUP(N44*0.88,2) -> 0 | P44: =G44*C44 -> 123 | Q44: =L44*C44 -> 0 | R44: =Q44-P44 -> -123 | T44: Veronica Smart Gem
A45: =[1]Лист4!A200 -> 1 | B45: =[1]Лист4!C200 -> FGGD01 Роза ветвистая Бала 50 | C45: =[1]Лист4!D200 -> 20 | D45: =[1]Лист4!F200 -> 0.95 | E45: =D45*C45 -> 19 | F45: =D45*1.18*0.07 -> 0.07847 | G45: =ROUND((((D45*1.15)*1.18)+F45+0.14)*1.2,2) -> 1.81 | H45: =ROUNDUP(G45*1.04*$N$1,2) -> 5.37 | I45: =ROUNDUP(G45*1.2*$N$1,2) -> 6.2 | J45: =ROUNDUP(G45*1.03*$N$1,2) -> 5.32 | K45: =N45*0.95 -> 0 | M45: =ROUNDUP(L45*0.88,2) -> 0 | N45: =ROUNDUP(L45*$N$1,2) -> 0 | O45: =ROUNDUP(N45*0.88,2) -> 0 | P45: =G45*C45 -> 36.2 | Q45: =L45*C45 -> 0 | R45: =Q45-P45 -> -36.2 | T45: R Tr Bala
A46: =[1]Лист4!A205 -> 1 | B46: =[1]Лист4!C205 -> FGGD01 Роза ветвистая Белла Трендсетер NL 60 | C46: =[1]Лист4!D205 -> 20 | D46: =[1]Лист4!F205 -> 2.02 | E46: =D46*C46 -> 40.4 | F46: =D46*1.18*0.07 -> 0.166852 | G46: =ROUND((((D46*1.15)*1.18)+F46+0.14)*1.2,2) -> 3.66 | H46: =ROUNDUP(G46*1.04*$N$1,2) -> 10.85 | I46: =ROUNDUP(G46*1.2*$N$1,2) -> 12.52 | J46: =ROUNDUP(G46*1.03*$N$1,2) -> 10.75 | K46: =N46*0.95 -> 0 | M46: =ROUNDUP(L46*0.88,2) -> 0 | N46: =ROUNDUP(L46*$N$1,2) -> 0 | O46: =ROUNDUP(N46*0.88,2) -> 0 | P46: =G46*C46 -> 73.2 | Q46: =L46*C46 -> 0 | R46: =Q46-P46 -> -73.2 | T46: R Tr Bella Trendsetter
A47: =[1]Лист4!A206 -> 1 | B47: =[1]Лист4!C206 -> FGGD01 Роза ветвистая Бёрдс Нэтс 60 | C47: =[1]Лист4!D206 -> 50 | D47: =[1]Лист4!F206 -> 1.51 | E47: =D47*C47 -> 75.5 | F47: =D47*1.18*0.07 -> 0.124726 | G47: =ROUND((((D47*1.15)*1.18)+F47+0.14)*1.2,2) -> 2.78 | H47: =ROUNDUP(G47*1.04*$N$1,2) -> 8.24 | I47: =ROUNDUP(G47*1.2*$N$1,2) -> 9.51 | J47: =ROUNDUP(G47*1.03*$N$1,2) -> 8.17 | K47: =N47*0.95 -> 0 | M47: =ROUNDUP(L47*0.88,2) -> 0 | N47: =ROUNDUP(L47*$N$1,2) -> 0 | O47: =ROUNDUP(N47*0.88,2) -> 0 | P47: =G47*C47 -> 139 | Q47: =L47*C47 -> 0 | R47: =Q47-P47 -> -139 | T47: R Tr Birds Nest+ Extra
A48: =[1]Лист4!A207 -> 1 | B48: =[1]Лист4!C207 -> FGGD01 Роза ветвистая Ферст Дейт NL 60 | C48: =[1]Лист4!D207 -> 30 | D48: =[1]Лист4!F207 -> 1.46 | E48: =D48*C48 -> 43.8 | F48: =D48*1.18*0.07 -> 0.120596 | G48: =ROUND((((D48*1.15)*1.18)+F48+0.14)*1.2,2) -> 2.69 | H48: =ROUNDUP(G48*1.04*$N$1,2) -> 7.98 | I48: =ROUNDUP(G48*1.2*$N$1,2) -> 9.2 | J48: =ROUNDUP(G48*1.03*$N$1,2) -> 7.9 | K48: =N48*0.95 -> 0 | M48: =ROUNDUP(L48*0.88,2) -> 0 | N48: =ROUNDUP(L48*$N$1,2) -> 0 | O48: =ROUNDUP(N48*0.88,2) -> 0 | P48: =G48*C48 -> 80.7 | Q48: =L48*C48 -> 0 | R48: =Q48-P48 -> -80.7 | T48: R Tr First Date
A49: =[1]Лист4!A209 -> 1 | B49: =[1]Лист4!C209 -> FGGD01 Роза ветвистая Ферст Дейт NL 70 | C49: =[1]Лист4!D209 -> 50 | D49: =[1]Лист4!F209 -> 1.87 | E49: =D49*C49 -> 93.5 | F49: =D49*1.18*0.07 -> 0.154462 | G49: =ROUND((((D49*1.15)*1.18)+F49+0.14)*1.2,2) -> 3.4 | H49: =ROUNDUP(G49*1.04*$N$1,2) -> 10.08 | I49: =ROUNDUP(G49*1.2*$N$1,2) -> 11.63 | J49: =ROUNDUP(G49*1.03*$N$1,2) -> 9.99 | K49: =N49*0.95 -> 0 | M49: =ROUNDUP(L49*0.88,2) -> 0 | N49: =ROUNDUP(L49*$N$1,2) -> 0 | O49: =ROUNDUP(N49*0.88,2) -> 0 | P49: =G49*C49 -> 170 | Q49: =L49*C49 -> 0 | R49: =Q49-P49 -> -170 | T49: R Tr First Date
A50: =[1]Лист4!A260 -> 8 | B50: =[1]Лист4!C260 -> FGGD01 Статица априкот | C50: =[1]Лист4!D260 -> 25 | D50: =[1]Лист4!F260 -> 0.89 | E50: =D50*C50 -> 22.25 | F50: =D50*1.18*0.07 -> 0.073514 | G50: =ROUND((((D50*1.15)*1.18)+F50+0.14)*1.2,2) -> 1.71 | H50: =ROUNDUP(G50*1.04*$N$1,2) -> 5.07 | I50: =ROUNDUP(G50*1.2*$N$1,2) -> 5.85 | J50: =ROUNDUP(G50*1.03*$N$1,2) -> 5.02 | K50: =N50*0.95 -> 0 | M50: =ROUNDUP(L50*0.88,2) -> 0 | N50: =ROUNDUP(L50*$N$1,2) -> 0 | O50: =ROUNDUP(N50*0.88,2) -> 0 | P50: =G50*C50 -> 42.75 | Q50: =L50*C50 -> 0 | R50: =Q50-P50 -> -42.75 | T50: Lim S Apricot Sun Birds
A51: =[1]Лист4!A261 -> 8 | B51: =[1]Лист4!C261 -> FGGD01 Статица пич | C51: =[1]Лист4!D261 -> 25 | D51: =[1]Лист4!F261 -> 1.07 | E51: =D51*C51 -> 26.75 | F51: =D51*1.18*0.07 -> 0.088382 | G51: =ROUND((((D51*1.15)*1.18)+F51+0.14)*1.2,2) -> 2.02 | H51: =ROUNDUP(G51*1.04*$N$1,2) -> 5.99 | I51: =ROUNDUP(G51*1.2*$N$1,2) -> 6.91 | J51: =ROUNDUP(G51*1.03*$N$1,2) -> 5.93 | K51: =N51*0.95 -> 0 | M51: =ROUNDUP(L51*0.88,2) -> 0 | N51: =ROUNDUP(L51*$N$1,2) -> 0 | O51: =ROUNDUP(N51*0.88,2) -> 0 | P51: =G51*C51 -> 50.5 | Q51: =L51*C51 -> 0 | R51: =Q51-P51 -> -50.5 | T51: Lim S Peach Wings
A52: =[1]Лист4!A279 -> 8 | B52: =[1]Лист4!C279 -> FGGD01 Танацетум | C52: =[1]Лист4!D279 -> 25 | D52: =[1]Лист4!F279 -> 0.74 | E52: =D52*C52 -> 18.5 | F52: =D52*1.18*0.07 -> 0.061124 | G52: =ROUND((((D52*1.15)*1.18)+F52+0.14)*1.2,2) -> 1.45 | H52: =ROUNDUP(G52*1.04*$N$1,2) -> 4.3 | I52: =ROUNDUP(G52*1.2*$N$1,2) -> 4.96 | J52: =ROUNDUP(G52*1.03*$N$1,2) -> 4.26 | K52: =N52*0.95 -> 0 | M52: =ROUNDUP(L52*0.88,2) -> 0 | N52: =ROUNDUP(L52*$N$1,2) -> 0 | O52: =ROUNDUP(N52*0.88,2) -> 0 | P52: =G52*C52 -> 36.25 | Q52: =L52*C52 -> 0 | R52: =Q52-P52 -> -36.25 | T52: Tana Pa Cameron
A53: =[1]Лист4!A280 -> 8 | B53: =[1]Лист4!C280 -> FGGD01 Танацетум Сапфир | C53: =[1]Лист4!D280 -> 300 | D53: =[1]Лист4!F280 -> 0.72 | E53: =D53*C53 -> 216 | F53: =D53*1.18*0.07 -> 0.059472 | G53: =ROUND((((D53*1.15)*1.18)+F53+0.14)*1.2,2) -> 1.41 | H53: =ROUNDUP(G53*1.04*$N$1,2) -> 4.18 | I53: =ROUNDUP(G53*1.2*$N$1,2) -> 4.83 | J53: =ROUNDUP(G53*1.03*$N$1,2) -> 4.14 | K53: =N53*0.95 -> 0 | M53: =ROUNDUP(L53*0.88,2) -> 0 | N53: =ROUNDUP(L53*$N$1,2) -> 0 | O53: =ROUNDUP(N53*0.88,2) -> 0 | P53: =G53*C53 -> 423 | Q53: =L53*C53 -> 0 | R53: =Q53-P53 -> -423 | T53: Tana Pa Saphira New!!
A54: =[1]Лист4!A251 -> 8 | B54: =[1]Лист4!C251 -> FGGD01 Фрезия белая | C54: =[1]Лист4!D251 -> 200 | D54: =[1]Лист4!F251 -> 0.53 | E54: =D54*C54 -> 106 | F54: =D54*1.18*0.07 -> 0.043778 | G54: =ROUND((((D54*1.15)*1.18)+F54+0.14)*1.2,2) -> 1.08 | H54: =ROUNDUP(G54*1.04*$N$1,2) -> 3.21 | I54: =ROUNDUP(G54*1.2*$N$1,2) -> 3.7 | J54: =ROUNDUP(G54*1.03*$N$1,2) -> 3.18 | K54: =N54*0.95 -> 0 | M54: =ROUNDUP(L54*0.88,2) -> 0 | N54: =ROUNDUP(L54*$N$1,2) -> 0 | O54: =ROUNDUP(N54*0.88,2) -> 0 | P54: =G54*C54 -> 216 | Q54: =L54*C54 -> 0 | R54: =Q54-P54 -> -216 | T54: Fr Du Starlight
A55: =[1]Лист4!A243 -> 8 | B55: =[1]Лист4!C243 -> FGGD01 Эустома Алиса апркот | C55: =[1]Лист4!D243 -> 40 | D55: =[1]Лист4!F243 -> 1.4 | E55: =D55*C55 -> 56 | F55: =D55*1.18*0.07 -> 0.11564 | G55: =ROUND((((D55*1.15)*1.18)+F55+0.14)*1.2,2) -> 2.59 | H55: =ROUNDUP(G55*1.04*$N$1,2) -> 7.68 | I55: =ROUNDUP(G55*1.2*$N$1,2) -> 8.86 | J55: =ROUNDUP(G55*1.03*$N$1,2) -> 7.61 | K55: =N55*0.95 -> 0 | M55: =ROUNDUP(L55*0.88,2) -> 0 | N55: =ROUNDUP(L55*$N$1,2) -> 0 | O55: =ROUNDUP(N55*0.88,2) -> 0 | P55: =G55*C55 -> 103.6 | Q55: =L55*C55 -> 0 | R55: =Q55-P55 -> -103.6 | T55: Eust G Alissa Light Apricot Lugt
A56: =[1]Лист4!A246 -> 8 | B56: =[1]Лист4!C246 -> FGGD01 Эустома алиса белая | C56: =[1]Лист4!D246 -> 40 | D56: =[1]Лист4!F246 -> 1.27 | E56: =D56*C56 -> 50.8 | F56: =D56*1.18*0.07 -> 0.104902 | G56: =ROUND((((D56*1.15)*1.18)+F56+0.14)*1.2,2) -> 2.36 | H56: =ROUNDUP(G56*1.04*$N$1,2) -> 7 | I56: =ROUNDUP(G56*1.2*$N$1,2) -> 8.08 | J56: =ROUNDUP(G56*1.03*$N$1,2) -> 6.93 | K56: =N56*0.95 -> 0 | M56: =ROUNDUP(L56*0.88,2) -> 0 | N56: =ROUNDUP(L56*$N$1,2) -> 0 | O56: =ROUNDUP(N56*0.88,2) -> 0 | P56: =G56*C56 -> 94.4 | Q56: =L56*C56 -> 0 | R56: =Q56-P56 -> -94.4 | T56: Eust G Alissa Pure White
A57: =[1]Лист4!A245 -> 8 | B57: =[1]Лист4!C245 -> FGGD01 Эустома Алиса пич | C57: =[1]Лист4!D245 -> 60 | D57: =[1]Лист4!F245 -> 1.42 | E57: =D57*C57 -> 85.2 | F57: =D57*1.18*0.07 -> 0.117292 | G57: =ROUND((((D57*1.15)*1.18)+F57+0.14)*1.2,2) -> 2.62 | H57: =ROUNDUP(G57*1.04*$N$1,2) -> 7.77 | I57: =ROUNDUP(G57*1.2*$N$1,2) -> 8.97 | J57: =ROUNDUP(G57*1.03*$N$1,2) -> 7.7 | K57: =N57*0.95 -> 0 | M57: =ROUNDUP(L57*0.88,2) -> 0 | N57: =ROUNDUP(L57*$N$1,2) -> 0 | O57: =ROUNDUP(N57*0.88,2) -> 0 | P57: =G57*C57 -> 157.2 | Q57: =L57*C57 -> 0 | R57: =Q57-P57 -> -157.2 | T57: Eust G Alissa Peach
A58: =[1]Лист4!A239 -> 8 | B58: =[1]Лист4!C239 -> FGGD08 Амми красный | C58: =[1]Лист4!D239 -> 20 | D58: =[1]Лист4!F239 -> 0.45 | E58: =D58*C58 -> 9 | F58: =D58*1.18*0.07 -> 0.03717 | G58: =ROUND((((D58*1.15)*1.18)+F58+0.14)*1.2,2) -> 0.95 | H58: =ROUNDUP(G58*1.04*$N$1,2) -> 2.82 | I58: =ROUNDUP(G58*1.2*$N$1,2) -> 3.25 | J58: =ROUNDUP(G58*1.03*$N$1,2) -> 2.79 | K58: =N58*0.95 -> 0 | M58: =ROUNDUP(L58*0.88,2) -> 0 | N58: =ROUNDUP(L58*$N$1,2) -> 0 | O58: =ROUNDUP(N58*0.88,2) -> 0 | P58: =G58*C58 -> 19 | Q58: =L58*C58 -> 0 | R58: =Q58-P58 -> -19 | T58: Daucus Carota Dara
A59: =[1]Лист4!A254 -> 8 | B59: =[1]Лист4!C254 -> FGGD08 Гербера паста маринара | C59: =[1]Лист4!D254 -> 45 | D59: =[1]Лист4!F254 -> 0.61 | E59: =D59*C59 -> 27.45 | F59: =D59*1.18*0.07 -> 0.050386 | G59: =ROUND((((D59*1.15)*1.18)+F59+0.14)*1.2,2) -> 1.22 | H59: =ROUNDUP(G59*1.04*$N$1,2) -> 3.62 | I59: =ROUNDUP(G59*1.2*$N$1,2) -> 4.18 | J59: =ROUNDUP(G59*1.03*$N$1,2) -> 3.59 | K59: =N59*0.95 -> 0 | M59: =ROUNDUP(L59*0.88,2) -> 0 | N59: =ROUNDUP(L59*$N$1,2) -> 0 | O59: =ROUNDUP(N59*0.88,2) -> 0 | P59: =G59*C59 -> 54.9 | Q59: =L59*C59 -> 0 | R59: =Q59-P59 -> -54.9 | T59: Ge Gr Diamond Pasta Marinara
A60: =[1]Лист4!A256 -> 8 | B60: =[1]Лист4!C256 -> FGGD08 Гортензия революшин | C60: =[1]Лист4!D256 -> 10 | D60: =[1]Лист4!F256 -> 2.68 | E60: =D60*C60 -> 26.8 | F60: =D60*1.18*0.07 -> 0.221368 | G60: =ROUND((((D60*1.15)*1.18)+F60+0.14)*1.2,2) -> 4.8 | H60: =ROUNDUP(G60*1.04*$N$1,2) -> 14.23 | I60: =ROUNDUP(G60*1.2*$N$1,2) -> 16.42 | J60: =ROUNDUP(G60*1.03*$N$1,2) -> 14.1 | K60: =N60*0.95 -> 0 | M60: =ROUNDUP(L60*0.88,2) -> 0 | N60: =ROUNDUP(L60*$N$1,2) -> 0 | O60: =ROUNDUP(N60*0.88,2) -> 0 | P60: =G60*C60 -> 48 | Q60: =L60*C60 -> 0 | R60: =Q60-P60 -> -48 | T60: Hydr M Revolution Pink 60-17
A61: =[1]Лист4!A258 -> 8 | B61: =[1]Лист4!C258 -> FGGD08 Гортензия Синсация сиреневая | C61: =[1]Лист4!D258 -> 10 | D61: =[1]Лист4!F258 -> 2.86 | E61: =D61*C61 -> 28.6 | F61: =D61*1.18*0.07 -> 0.236236 | G61: =ROUND((((D61*1.15)*1.18)+F61+0.14)*1.2,2) -> 5.11 | H61: =ROUNDUP(G61*1.04*$N$1,2) -> 15.15 | I61: =ROUNDUP(G61*1.2*$N$1,2) -> 17.48 | J61: =ROUNDUP(G61*1.03*$N$1,2) -> 15.01 | K61: =N61*0.95 -> 0 | M61: =ROUNDUP(L61*0.88,2) -> 0 | N61: =ROUNDUP(L61*$N$1,2) -> 0 | O61: =ROUNDUP(N61*0.88,2) -> 0 | P61: =G61*C61 -> 51.1 | Q61: =L61*C61 -> 0 | R61: =Q61-P61 -> -51.1 | T61: Hydr M Sunsation Pa
A62: =[1]Лист4!A240 -> 8 | B62: =[1]Лист4!C240 -> FGGD08 Дельфиниум лавандовый | C62: =[1]Лист4!D240 -> 20 | D62: =[1]Лист4!F240 -> 1.72 | E62: =D62*C62 -> 34.4 | F62: =D62*1.18*0.07 -> 0.142072 | G62: =ROUND((((D62*1.15)*1.18)+F62+0.14)*1.2,2) -> 3.14 | H62: =ROUNDUP(G62*1.04*$N$1,2) -> 9.31 | I62: =ROUNDUP(G62*1.2*$N$1,2) -> 10.74 | J62: =ROUNDUP(G62*1.03*$N$1,2) -> 9.22 | K62: =N62*0.95 -> 0 | M62: =ROUNDUP(L62*0.88,2) -> 0 | N62: =ROUNDUP(L62*$N$1,2) -> 0 | O62: =ROUNDUP(N62*0.88,2) -> 0 | P62: =G62*C62 -> 62.8 | Q62: =L62*C62 -> 0 | R62: =Q62-P62 -> -62.8 | T62: Delph Du Guard Lavender
A63: =[1]Лист4!A289 -> 8 | B63: =[1]Лист4!C289 -> FGGD08 Калла желтая | C63: =[1]Лист4!D289 -> 40 | D63: =[1]Лист4!F289 -> 0.79 | E63: =D63*C63 -> 31.6 | F63: =D63*1.18*0.07 -> 0.065254 | G63: =ROUND((((D63*1.15)*1.18)+F63+0.14)*1.2,2) -> 1.53 | H63: =ROUNDUP(G63*1.04*$N$1,2) -> 4.54 | I63: =ROUNDUP(G63*1.2*$N$1,2) -> 5.24 | J63: =ROUNDUP(G63*1.03*$N$1,2) -> 4.5 | K63: =N63*0.95 -> 0 | M63: =ROUNDUP(L63*0.88,2) -> 0 | N63: =ROUNDUP(L63*$N$1,2) -> 0 | O63: =ROUNDUP(N63*0.88,2) -> 0 | P63: =G63*C63 -> 61.2 | Q63: =L63*C63 -> 0 | R63: =Q63-P63 -> -61.2 | T63: Zanted Gold Medal Double
A64: =[1]Лист4!A235 -> 8 | B64: =[1]Лист4!C235 -> FGGD08 Кампанула лавандовая | C64: =[1]Лист4!D235 -> 20 | D64: =[1]Лист4!F235 -> 0.9 | E64: =D64*C64 -> 18 | F64: =D64*1.18*0.07 -> 0.07434 | G64: =ROUND((((D64*1.15)*1.18)+F64+0.14)*1.2,2) -> 1.72 | H64: =ROUNDUP(G64*1.04*$N$1,2) -> 5.1 | I64: =ROUNDUP(G64*1.2*$N$1,2) -> 5.89 | J64: =ROUNDUP(G64*1.03*$N$1,2) -> 5.05 | K64: =N64*0.95 -> 0 | M64: =ROUNDUP(L64*0.88,2) -> 0 | N64: =ROUNDUP(L64*$N$1,2) -> 0 | O64: =ROUNDUP(N64*0.88,2) -> 0 | P64: =G64*C64 -> 34.4 | Q64: =L64*C64 -> 0 | R64: =Q64-P64 -> -34.4 | T64: Camp M Champion Lavender
A65: =[1]Лист4!A238 -> 8 | B65: =[1]Лист4!C238 -> FGGD08 Клематис синий | C65: =[1]Лист4!D238 -> 10 | D65: =[1]Лист4!F238 -> 0.45 | E65: =D65*C65 -> 4.5 | F65: =D65*1.18*0.07 -> 0.03717 | G65: =ROUND((((D65*1.15)*1.18)+F65+0.14)*1.2,2) -> 0.95 | H65: =ROUNDUP(G65*1.04*$N$1,2) -> 2.82 | I65: =ROUNDUP(G65*1.2*$N$1,2) -> 3.25 | J65: =ROUNDUP(G65*1.03*$N$1,2) -> 2.79 | K65: =N65*0.95 -> 0 | M65: =ROUNDUP(L65*0.88,2) -> 0 | N65: =ROUNDUP(L65*$N$1,2) -> 0 | O65: =ROUNDUP(N65*0.88,2) -> 0 | P65: =G65*C65 -> 9.5 | Q65: =L65*C65 -> 0 | R65: =Q65-P65 -> -9.5 | T65: Clem Amazing Rome
A66: =[1]Лист4!A231 -> 6 | B66: =[1]Лист4!C231 -> FGGD08 Лилия лонги белая | C66: =[1]Лист4!D231 -> 20 | D66: =[1]Лист4!F231 -> 0.82 | E66: =D66*C66 -> 16.4 | F66: =D66*1.18*0.07 -> 0.067732 | G66: =ROUND((((D66*1.15)*1.18)+F66+0.14)*1.2,2) -> 1.58 | H66: =ROUNDUP(G66*1.04*$N$1,2) -> 4.69 | I66: =ROUNDUP(G66*1.2*$N$1,2) -> 5.41 | J66: =ROUNDUP(G66*1.03*$N$1,2) -> 4.64 | K66: =N66*0.95 -> 0 | M66: =ROUNDUP(L66*0.88,2) -> 0 | N66: =ROUNDUP(L66*$N$1,2) -> 0 | O66: =ROUNDUP(N66*0.88,2) -> 0 | P66: =G66*C66 -> 31.6 | Q66: =L66*C66 -> 0 | R66: =Q66-P66 -> -31.6 | T66: Li Lf Watch Up 1+
A67: =[1]Лист4!A264 -> 8 | B67: =[1]Лист4!C264 -> FGGD08 Матиола Априкот | C67: =[1]Лист4!D264 -> 20 | D67: =[1]Лист4!F264 -> 0.91 | E67: =D67*C67 -> 18.2 | F67: =D67*1.18*0.07 -> 0.075166 | G67: =ROUND((((D67*1.15)*1.18)+F67+0.14)*1.2,2) -> 1.74 | H67: =ROUNDUP(G67*1.04*$N$1,2) -> 5.16 | I67: =ROUNDUP(G67*1.2*$N$1,2) -> 5.96 | J67: =ROUNDUP(G67*1.03*$N$1,2) -> 5.11 | K67: =N67*0.95 -> 0 | M67: =ROUNDUP(L67*0.88,2) -> 0 | N67: =ROUNDUP(L67*$N$1,2) -> 0 | O67: =ROUNDUP(N67*0.88,2) -> 0 | P67: =G67*C67 -> 34.8 | Q67: =L67*C67 -> 0 | R67: =Q67-P67 -> -34.8 | T67: Matth Milla Salmon
A68: =[1]Лист4!A265 -> 8 | B68: =[1]Лист4!C265 -> FGGD08 Оксипеталум | C68: =[1]Лист4!D265 -> 50 | D68: =[1]Лист4!F265 -> 0.75 | E68: =D68*C68 -> 37.5 | F68: =D68*1.18*0.07 -> 0.06195 | G68: =ROUND((((D68*1.15)*1.18)+F68+0.14)*1.2,2) -> 1.46 | H68: =ROUNDUP(G68*1.04*$N$1,2) -> 4.33 | I68: =ROUNDUP(G68*1.2*$N$1,2) -> 5 | J68: =ROUNDUP(G68*1.03*$N$1,2) -> 4.29 | K68: =N68*0.95 -> 0 | M68: =ROUNDUP(L68*0.88,2) -> 0 | N68: =ROUNDUP(L68*$N$1,2) -> 0 | O68: =ROUNDUP(N68*0.88,2) -> 0 | P68: =G68*C68 -> 73 | Q68: =L68*C68 -> 0 | R68: =Q68-P68 -> -73 | T68: Oxy Co Tan Pure Blu
A69: =[1]Лист4!A266 -> 8 | B69: =[1]Лист4!C266 -> FGGD08 Пион Корал Сансет | C69: =[1]Лист4!D266 -> 70 | D69: =[1]Лист4!F266 -> 1.11 | E69: =D69*C69 -> 77.7 | F69: =D69*1.18*0.07 -> 0.091686 | G69: =ROUND((((D69*1.15)*1.18)+F69+0.14)*1.2,2) -> 2.09 | H69: =ROUNDUP(G69*1.04*$N$1,2) -> 6.2 | I69: =ROUNDUP(G69*1.2*$N$1,2) -> 7.15 | J69: =ROUNDUP(G69*1.03*$N$1,2) -> 6.14 | K69: =N69*0.95 -> 0 | M69: =ROUNDUP(L69*0.88,2) -> 0 | N69: =ROUNDUP(L69*$N$1,2) -> 0 | O69: =ROUNDUP(N69*0.88,2) -> 0 | P69: =G69*C69 -> 146.3 | Q69: =L69*C69 -> 0 | R69: =Q69-P69 -> -146.3 | T69: Paeo Coral Sunset
A70: =[1]Лист4!A273 -> 8 | B70: =[1]Лист4!C273 -> FGGD08 Пион Одиль | C70: =[1]Лист4!D273 -> 40 | D70: =[1]Лист4!F273 -> 1.3 | E70: =D70*C70 -> 52 | F70: =D70*1.18*0.07 -> 0.10738 | G70: =ROUND((((D70*1.15)*1.18)+F70+0.14)*1.2,2) -> 2.41 | H70: =ROUNDUP(G70*1.04*$N$1,2) -> 7.15 | I70: =ROUNDUP(G70*1.2*$N$1,2) -> 8.25 | J70: =ROUNDUP(G70*1.03*$N$1,2) -> 7.08 | K70: =N70*0.95 -> 0 | M70: =ROUNDUP(L70*0.88,2) -> 0 | N70: =ROUNDUP(L70*$N$1,2) -> 0 | O70: =ROUNDUP(N70*0.88,2) -> 0 | P70: =G70*C70 -> 96.4 | Q70: =L70*C70 -> 0 | R70: =Q70-P70 -> -96.4 | T70: Paeo L Odile
A71: =[1]Лист4!A277 -> 8 | B71: =[1]Лист4!C277 -> FGGD08 Пион Сара Бернард | C71: =[1]Лист4!D277 -> 60 | D71: =[1]Лист4!F277 -> 1.14 | E71: =D71*C71 -> 68.4 | F71: =D71*1.18*0.07 -> 0.094164 | G71: =ROUND((((D71*1.15)*1.18)+F71+0.14)*1.2,2) -> 2.14 | H71: =ROUNDUP(G71*1.04*$N$1,2) -> 6.35 | I71: =ROUNDUP(G71*1.2*$N$1,2) -> 7.32 | J71: =ROUNDUP(G71*1.03*$N$1,2) -> 6.29 | K71: =N71*0.95 -> 0 | M71: =ROUNDUP(L71*0.88,2) -> 0 | N71: =ROUNDUP(L71*$N$1,2) -> 0 | O71: =ROUNDUP(N71*0.88,2) -> 0 | P71: =G71*C71 -> 128.4 | Q71: =L71*C71 -> 0 | R71: =Q71-P71 -> -128.4 | T71: Paeonia Sarah Bernhardt
A72: =[1]Лист4!A278 -> 8 | B72: =[1]Лист4!C278 -> FGGD08 Сангвисорба красная | C72: =[1]Лист4!D278 -> 75 | D72: =[1]Лист4!F278 -> 0.44 | E72: =D72*C72 -> 33 | F72: =D72*1.18*0.07 -> 0.036344 | G72: =ROUND((((D72*1.15)*1.18)+F72+0.14)*1.2,2) -> 0.93 | H72: =ROUNDUP(G72*1.04*$N$1,2) -> 2.76 | I72: =ROUNDUP(G72*1.2*$N$1,2) -> 3.19 | J72: =ROUNDUP(G72*1.03*$N$1,2) -> 2.74 | K72: =N72*0.95 -> 0 | M72: =ROUNDUP(L72*0.88,2) -> 0 | N72: =ROUNDUP(L72*$N$1,2) -> 0 | O72: =ROUNDUP(N72*0.88,2) -> 0 | P72: =G72*C72 -> 69.75 | Q72: =L72*C72 -> 0 | R72: =Q72-P72 -> -69.75 | T72: Sang Of Red Dream
A73: =[1]Лист4!A281 -> 8 | B73: =[1]Лист4!C281 -> FGGD08 Танацетум Сапфир | C73: =[1]Лист4!D281 -> 100 | D73: =[1]Лист4!F281 -> 0.72 | E73: =D73*C73 -> 72 | F73: =D73*1.18*0.07 -> 0.059472 | G73: =ROUND((((D73*1.15)*1.18)+F73+0.14)*1.2,2) -> 1.41 | H73: =ROUNDUP(G73*1.04*$N$1,2) -> 4.18 | I73: =ROUNDUP(G73*1.2*$N$1,2) -> 4.83 | J73: =ROUNDUP(G73*1.03*$N$1,2) -> 4.14 | K73: =N73*0.95 -> 0 | M73: =ROUNDUP(L73*0.88,2) -> 0 | N73: =ROUNDUP(L73*$N$1,2) -> 0 | O73: =ROUNDUP(N73*0.88,2) -> 0 | P73: =G73*C73 -> 141 | Q73: =L73*C73 -> 0 | R73: =Q73-P73 -> -141 | T73: Tana Pa Saphira New!!
A74: =[1]Лист4!A217 -> 2 | B74: =[1]Лист4!C217 -> FGGD08 Хризантема сантини лоусон | C74: =[1]Лист4!D217 -> 25 | D74: =[1]Лист4!F217 -> 0.44 | E74: =D74*C74 -> 11 | F74: =D74*1.18*0.07 -> 0.036344 | G74: =ROUND((((D74*1.15)*1.18)+F74+0.14)*1.2,2) -> 0.93 | H74: =ROUNDUP(G74*1.04*$N$1,2) -> 2.76 | I74: =ROUNDUP(G74*1.2*$N$1,2) -> 3.19 | J74: =ROUNDUP(G74*1.03*$N$1,2) -> 2.74 | K74: =N74*0.95 -> 0 | M74: =ROUNDUP(L74*0.88,2) -> 0 | N74: =ROUNDUP(L74*$N$1,2) -> 0 | O74: =ROUNDUP(N74*0.88,2) -> 0 | P74: =G74*C74 -> 23.25 | Q74: =L74*C74 -> 0 | R74: =Q74-P74 -> -23.25 | T74: Chr San Lawson
A75: =[1]Лист4!A236 -> 8 | B75: =[1]Лист4!C236 -> FGGD08 Целозия зеленая | C75: =[1]Лист4!D236 -> 20 | D75: =[1]Лист4!F236 -> 0.88 | E75: =D75*C75 -> 17.6 | F75: =D75*1.18*0.07 -> 0.072688 | G75: =ROUND((((D75*1.15)*1.18)+F75+0.14)*1.2,2) -> 1.69 | H75: =ROUNDUP(G75*1.04*$N$1,2) -> 5.01 | I75: =ROUNDUP(G75*1.2*$N$1,2) -> 5.78 | J75: =ROUNDUP(G75*1.03*$N$1,2) -> 4.97 | K75: =N75*0.95 -> 0 | M75: =ROUNDUP(L75*0.88,2) -> 0 | N75: =ROUNDUP(L75*$N$1,2) -> 0 | O75: =ROUNDUP(N75*0.88,2) -> 0 | P75: =G75*C75 -> 33.8 | Q75: =L75*C75 -> 0 | R75: =Q75-P75 -> -33.8 | T75: Cel C Act Verda
A76: =[1]Лист4!A237 -> 8 | B76: =[1]Лист4!C237 -> FGGD08 Целозия оранжевая | C76: =[1]Лист4!D237 -> 10 | D76: =[1]Лист4!F237 -> 0.76 | E76: =D76*C76 -> 7.6 | F76: =D76*1.18*0.07 -> 0.062776 | G76: =ROUND((((D76*1.15)*1.18)+F76+0.14)*1.2,2) -> 1.48 | H76: =ROUNDUP(G76*1.04*$N$1,2) -> 4.39 | I76: =ROUNDUP(G76*1.2*$N$1,2) -> 5.07 | J76: =ROUNDUP(G76*1.03*$N$1,2) -> 4.35 | K76: =N76*0.95 -> 0 | M76: =ROUNDUP(L76*0.88,2) -> 0 | N76: =ROUNDUP(L76*$N$1,2) -> 0 | O76: =ROUNDUP(N76*0.88,2) -> 0 | P76: =G76*C76 -> 14.8 | Q76: =L76*C76 -> 0 | R76: =Q76-P76 -> -14.8 | T76: Cel C Act Ziva
A77: =[1]Лист4!A242 -> 8 | B77: =[1]Лист4!C242 -> FGGD08 Эустома алиса белая | C77: =[1]Лист4!D242 -> 20 | D77: =[1]Лист4!F242 -> 1.43 | E77: =D77*C77 -> 28.6 | F77: =D77*1.18*0.07 -> 0.118118 | G77: =ROUND((((D77*1.15)*1.18)+F77+0.14)*1.2,2) -> 2.64 | H77: =ROUNDUP(G77*1.04*$N$1,2) -> 7.83 | I77: =ROUNDUP(G77*1.2*$N$1,2) -> 9.03 | J77: =ROUNDUP(G77*1.03*$N$1,2) -> 7.75 | K77: =N77*0.95 -> 0 | M77: =ROUNDUP(L77*0.88,2) -> 0 | N77: =ROUNDUP(L77*$N$1,2) -> 0 | O77: =ROUNDUP(N77*0.88,2) -> 0 | P77: =G77*C77 -> 52.8 | Q77: =L77*C77 -> 0 | R77: =Q77-P77 -> -52.8 | T77: Eus G Alissa Pure White
A78: =[1]Лист4!A255 -> 8 | B78: =[1]Лист4!C255 -> FGGD09 Геликония | C78: =[1]Лист4!D255 -> 20 | D78: =[1]Лист4!F255 -> 1.1 | E78: =D78*C78 -> 22 | F78: =D78*1.18*0.07 -> 0.09086 | G78: =ROUND((((D78*1.15)*1.18)+F78+0.14)*1.2,2) -> 2.07 | H78: =ROUNDUP(G78*1.04*$N$1,2) -> 6.14 | I78: =ROUNDUP(G78*1.2*$N$1,2) -> 7.08 | J78: =ROUNDUP(G78*1.03*$N$1,2) -> 6.08 | K78: =N78*0.95 -> 0 | M78: =ROUNDUP(L78*0.88,2) -> 0 | N78: =ROUNDUP(L78*$N$1,2) -> 0 | O78: =ROUNDUP(N78*0.88,2) -> 0 | P78: =G78*C78 -> 41.4 | Q78: =L78*C78 -> 0 | R78: =Q78-P78 -> -41.4 | T78: Helic Tropic Exotic
A79: =[1]Лист4!A267 -> 8 | B79: =[1]Лист4!C267 -> FGGD09 Пион Корал Сансет | C79: =[1]Лист4!D267 -> 30 | D79: =[1]Лист4!F267 -> 1.26 | E79: =D79*C79 -> 37.8 | F79: =D79*1.18*0.07 -> 0.104076 | G79: =ROUND((((D79*1.15)*1.18)+F79+0.14)*1.2,2) -> 2.34 | H79: =ROUNDUP(G79*1.04*$N$1,2) -> 6.94 | I79: =ROUNDUP(G79*1.2*$N$1,2) -> 8.01 | J79: =ROUNDUP(G79*1.03*$N$1,2) -> 6.87 | K79: =N79*0.95 -> 0 | M79: =ROUNDUP(L79*0.88,2) -> 0 | N79: =ROUNDUP(L79*$N$1,2) -> 0 | O79: =ROUNDUP(N79*0.88,2) -> 0 | P79: =G79*C79 -> 70.2 | Q79: =L79*C79 -> 0 | R79: =Q79-P79 -> -70.2 | T79: Paeo Coral Sunset
A80: =[1]Лист4!A282 -> 8 | B80: =[1]Лист4!C282 -> FGGD09 Танацетум | C80: =[1]Лист4!D282 -> 25 | D80: =[1]Лист4!F282 -> 0.52 | E80: =D80*C80 -> 13 | F80: =D80*1.18*0.07 -> 0.042952 | G80: =ROUND((((D80*1.15)*1.18)+F80+0.14)*1.2,2) -> 1.07 | H80: =ROUNDUP(G80*1.04*$N$1,2) -> 3.18 | I80: =ROUNDUP(G80*1.2*$N$1,2) -> 3.66 | J80: =ROUNDUP(G80*1.03*$N$1,2) -> 3.15 | K80: =N80*0.95 -> 0 | M80: =ROUNDUP(L80*0.88,2) -> 0 | N80: =ROUNDUP(L80*$N$1,2) -> 0 | O80: =ROUNDUP(N80*0.88,2) -> 0 | P80: =G80*C80 -> 26.75 | Q80: =L80*C80 -> 0 | R80: =Q80-P80 -> -26.75 | T80: Tana Pa Single Vegmo
A81: =[1]Лист4!A233 -> 8 | B81: =[1]Лист4!C233 -> FGGD11-14 Аллиум сиреневый | C81: =[1]Лист4!D233 -> 120 | D81: =[1]Лист4!F233 -> 0.46 | E81: =D81*C81 -> 55.2 | F81: =D81*1.18*0.07 -> 0.037996 | G81: =ROUND((((D81*1.15)*1.18)+F81+0.14)*1.2,2) -> 0.96 | H81: =ROUNDUP(G81*1.04*$N$1,2) -> 2.85 | I81: =ROUNDUP(G81*1.2*$N$1,2) -> 3.29 | J81: =ROUNDUP(G81*1.03*$N$1,2) -> 2.82 | K81: =N81*0.95 -> 0 | M81: =ROUNDUP(L81*0.88,2) -> 0 | N81: =ROUNDUP(L81*$N$1,2) -> 0 | O81: =ROUNDUP(N81*0.88,2) -> 0 | P81: =G81*C81 -> 115.2 | Q81: =L81*C81 -> 0 | R81: =Q81-P81 -> -115.2 | T81: Allium Gladiator
A82: =[1]Лист4!A234 -> 8 | B82: =[1]Лист4!C234 -> FGGD11-14 Астильба красная | C82: =[1]Лист4!D234 -> 70 | D82: =[1]Лист4!F234 -> 0.53 | E82: =D82*C82 -> 37.1 | F82: =D82*1.18*0.07 -> 0.043778 | G82: =ROUND((((D82*1.15)*1.18)+F82+0.14)*1.2,2) -> 1.08 | H82: =ROUNDUP(G82*1.04*$N$1,2) -> 3.21 | I82: =ROUNDUP(G82*1.2*$N$1,2) -> 3.7 | J82: =ROUNDUP(G82*1.03*$N$1,2) -> 3.18 | K82: =N82*0.95 -> 0 | M82: =ROUNDUP(L82*0.88,2) -> 0 | N82: =ROUNDUP(L82*$N$1,2) -> 0 | O82: =ROUNDUP(N82*0.88,2) -> 0 | P82: =G82*C82 -> 75.6 | Q82: =L82*C82 -> 0 | R82: =Q82-P82 -> -75.6 | T82: Astil C Vi Pink
A83: =[1]Лист4!A287 -> 8 | B83: =[1]Лист4!C287 -> FGGD11-14 Ванда синяя | C83: =[1]Лист4!D287 -> 16 | D83: =[1]Лист4!F287 -> 0.71 | E83: =D83*C83 -> 11.36 | F83: =D83*1.18*0.07 -> 0.058646 | G83: =ROUND((((D83*1.15)*1.18)+F83+0.14)*1.2,2) -> 1.39 | H83: =ROUNDUP(G83*1.04*$N$1,2) -> 4.12 | I83: =ROUNDUP(G83*1.2*$N$1,2) -> 4.76 | J83: =ROUNDUP(G83*1.03*$N$1,2) -> 4.09 | K83: =N83*0.95 -> 0 | M83: =ROUNDUP(L83*0.88,2) -> 0 | N83: =ROUNDUP(L83*$N$1,2) -> 0 | O83: =ROUNDUP(N83*0.88,2) -> 0 | P83: =G83*C83 -> 22.24 | Q83: =L83*C83 -> 0 | R83: =Q83-P83 -> -22.24 | T83: Vanda Kan Blue Magic
A84: =[1]Лист4!A253 -> 8 | B84: =[1]Лист4!C253 -> FGGD11-14 Гербера микс | C84: =[1]Лист4!D253 -> 432 | D84: =[1]Лист4!F253 -> 0.34 | E84: =D84*C84 -> 146.88 | F84: =D84*1.18*0.07 -> 0.028084 | G84: =ROUND((((D84*1.15)*1.18)+F84+0.14)*1.2,2) -> 0.76 | H84: =ROUNDUP(G84*1.04*$N$1,2) -> 2.26 | I84: =ROUNDUP(G84*1.2*$N$1,2) -> 2.6 | J84: =ROUNDUP(G84*1.03*$N$1,2) -> 2.24 | K84: =N84*0.95 -> 0 | M84: =ROUNDUP(L84*0.88,2) -> 0 | N84: =ROUNDUP(L84*$N$1,2) -> 0 | O84: =ROUNDUP(N84*0.88,2) -> 0 | P84: =G84*C84 -> 328.32 | Q84: =L84*C84 -> 0 | R84: =Q84-P84 -> -328.32 | T84: Ge Gr Aquabox Mix *96
A85: =[1]Лист4!A257 -> 8 | B85: =[1]Лист4!C257 -> FGGD11-14 Гортензия белая | C85: =[1]Лист4!D257 -> 100 | D85: =[1]Лист4!F257 -> 4.36 | E85: =D85*C85 -> 436 | F85: =D85*1.18*0.07 -> 0.360136 | G85: =ROUND((((D85*1.15)*1.18)+F85+0.14)*1.2,2) -> 7.7 | H85: =ROUNDUP(G85*1.04*$N$1,2) -> 22.83 | I85: =ROUNDUP(G85*1.2*$N$1,2) -> 26.34 | J85: =ROUNDUP(G85*1.03*$N$1,2) -> 22.61 | K85: =N85*0.95 -> 0 | M85: =ROUNDUP(L85*0.88,2) -> 0 | N85: =ROUNDUP(L85*$N$1,2) -> 0 | O85: =ROUNDUP(N85*0.88,2) -> 0 | P85: =G85*C85 -> 770 | Q85: =L85*C85 -> 0 | R85: =Q85-P85 -> -770 | T85: Hydr M Schneeball
A86: =[1]Лист4!A259 -> 8 | B86: =[1]Лист4!C259 -> FGGD11-14 Ирис синий | C86: =[1]Лист4!D259 -> 100 | D86: =[1]Лист4!F259 -> 0.22 | E86: =D86*C86 -> 22 | F86: =D86*1.18*0.07 -> 0.018172 | G86: =ROUND((((D86*1.15)*1.18)+F86+0.14)*1.2,2) -> 0.55 | H86: =ROUNDUP(G86*1.04*$N$1,2) -> 1.64 | I86: =ROUNDUP(G86*1.2*$N$1,2) -> 1.89 | J86: =ROUNDUP(G86*1.03*$N$1,2) -> 1.62 | K86: =N86*0.95 -> 0 | M86: =ROUNDUP(L86*0.88,2) -> 0 | N86: =ROUNDUP(L86*$N$1,2) -> 0 | O86: =ROUNDUP(N86*0.88,2) -> 0 | P86: =G86*C86 -> 55 | Q86: =L86*C86 -> 0 | R86: =Q86-P86 -> -55 | T86: Iris Blue Magic Decorum
A87: =[1]Лист4!A232 -> 6 | B87: =[1]Лист4!C232 -> FGGD11-14 Лилия белая | C87: =[1]Лист4!D232 -> 70 | D87: =[1]Лист4!F232 -> 1.55 | E87: =D87*C87 -> 108.5 | F87: =D87*1.18*0.07 -> 0.12803 | G87: =ROUND((((D87*1.15)*1.18)+F87+0.14)*1.2,2) -> 2.85 | H87: =ROUNDUP(G87*1.04*$N$1,2) -> 8.45 | I87: =ROUNDUP(G87*1.2*$N$1,2) -> 9.75 | J87: =ROUNDUP(G87*1.03*$N$1,2) -> 8.37 | K87: =N87*0.95 -> 0 | M87: =ROUNDUP(L87*0.88,2) -> 0 | N87: =ROUNDUP(L87*$N$1,2) -> 0 | O87: =ROUNDUP(N87*0.88,2) -> 0 | P87: =G87*C87 -> 199.5 | Q87: =L87*C87 -> 0 | R87: =Q87-P87 -> -199.5 | T87: Li Or Santander 5+ Super Dutch Lily Master
A88: =[1]Лист4!A262 -> 8 | B88: =[1]Лист4!C262 -> FGGD11-14 Матиола белая | C88: =[1]Лист4!D262 -> 40 | D88: =[1]Лист4!F262 -> 0.79 | E88: =D88*C88 -> 31.6 | F88: =D88*1.18*0.07 -> 0.065254 | G88: =ROUND((((D88*1.15)*1.18)+F88+0.14)*1.2,2) -> 1.53 | H88: =ROUNDUP(G88*1.04*$N$1,2) -> 4.54 | I88: =ROUNDUP(G88*1.2*$N$1,2) -> 5.24 | J88: =ROUNDUP(G88*1.03*$N$1,2) -> 4.5 | K88: =N88*0.95 -> 0 | M88: =ROUNDUP(L88*0.88,2) -> 0 | N88: =ROUNDUP(L88*$N$1,2) -> 0 | O88: =ROUNDUP(N88*0.88,2) -> 0 | P88: =G88*C88 -> 61.2 | Q88: =L88*C88 -> 0 | R88: =Q88-P88 -> -61.2 | T88: Matth Aida White
A89: =[1]Лист4!A263 -> 8 | B89: =[1]Лист4!C263 -> FGGD11-14 Матиола сиреневая | C89: =[1]Лист4!D263 -> 40 | D89: =[1]Лист4!F263 -> 0.56 | E89: =D89*C89 -> 22.4 | F89: =D89*1.18*0.07 -> 0.046256 | G89: =ROUND((((D89*1.15)*1.18)+F89+0.14)*1.2,2) -> 1.14 | H89: =ROUNDUP(G89*1.04*$N$1,2) -> 3.38 | I89: =ROUNDUP(G89*1.2*$N$1,2) -> 3.9 | J89: =ROUNDUP(G89*1.03*$N$1,2) -> 3.35 | K89: =N89*0.95 -> 0 | M89: =ROUNDUP(L89*0.88,2) -> 0 | N89: =ROUNDUP(L89*$N$1,2) -> 0 | O89: =ROUNDUP(N89*0.88,2) -> 0 | P89: =G89*C89 -> 45.6 | Q89: =L89*C89 -> 0 | R89: =Q89-P89 -> -45.6 | T89: Matth Mathilda Laven
A90: =[1]Лист4!A269 -> 8 | B90: =[1]Лист4!C269 -> FGGD11-14 Пион Алертие | C90: =[1]Лист4!D269 -> 140 | D90: =[1]Лист4!F269 -> 0.64 | E90: =D90*C90 -> 89.6 | F90: =D90*1.18*0.07 -> 0.052864 | G90: =ROUND((((D90*1.15)*1.18)+F90+0.14)*1.2,2) -> 1.27 | H90: =ROUNDUP(G90*1.04*$N$1,2) -> 3.77 | I90: =ROUNDUP(G90*1.2*$N$1,2) -> 4.35 | J90: =ROUNDUP(G90*1.03*$N$1,2) -> 3.73 | K90: =N90*0.95 -> 0 | M90: =ROUNDUP(L90*0.88,2) -> 0 | N90: =ROUNDUP(L90*$N$1,2) -> 0 | O90: =ROUNDUP(N90*0.88,2) -> 0 | P90: =G90*C90 -> 177.8 | Q90: =L90*C90 -> 0 | R90: =Q90-P90 -> -177.8 | T90: Paeo L Alertie
A91: =[1]Лист4!A270 -> 8 | B91: =[1]Лист4!C270 -> FGGD11-14 Пион Боул оф Крем | C91: =[1]Лист4!D270 -> 40 | D91: =[1]Лист4!F270 -> 1.89 | E91: =D91*C91 -> 75.6 | F91: =D91*1.18*0.07 -> 0.156114 | G91: =ROUND((((D91*1.15)*1.18)+F91+0.14)*1.2,2) -> 3.43 | H91: =ROUNDUP(G91*1.04*$N$1,2) -> 10.17 | I91: =ROUNDUP(G91*1.2*$N$1,2) -> 11.74 | J91: =ROUNDUP(G91*1.03*$N$1,2) -> 10.07 | K91: =N91*0.95 -> 0 | M91: =ROUNDUP(L91*0.88,2) -> 0 | N91: =ROUNDUP(L91*$N$1,2) -> 0 | O91: =ROUNDUP(N91*0.88,2) -> 0 | P91: =G91*C91 -> 137.2 | Q91: =L91*C91 -> 0 | R91: =Q91-P91 -> -137.2 | T91: Paeo L Bowl Of Cream
A92: =[1]Лист4!A268 -> 8 | B92: =[1]Лист4!C268 -> FGGD11-14 Пион канзас | C92: =[1]Лист4!D268 -> 90 | D92: =[1]Лист4!F268 -> 0.67 | E92: =D92*C92 -> 60.3 | F92: =D92*1.18*0.07 -> 0.055342 | G92: =ROUND((((D92*1.15)*1.18)+F92+0.14)*1.2,2) -> 1.33 | H92: =ROUNDUP(G92*1.04*$N$1,2) -> 3.95 | I92: =ROUNDUP(G92*1.2*$N$1,2) -> 4.55 | J92: =ROUNDUP(G92*1.03*$N$1,2) -> 3.91 | K92: =N92*0.95 -> 0 | M92: =ROUNDUP(L92*0.88,2) -> 0 | N92: =ROUNDUP(L92*$N$1,2) -> 0 | O92: =ROUNDUP(N92*0.88,2) -> 0 | P92: =G92*C92 -> 119.7 | Q92: =L92*C92 -> 0 | R92: =Q92-P92 -> -119.7 | T92: Paeo Kansas
A93: =[1]Лист4!A272 -> 8 | B93: =[1]Лист4!C272 -> FGGD11-14 Пион Мадам Клауд Тейн | C93: =[1]Лист4!D272 -> 50 | D93: =[1]Лист4!F272 -> 2.15 | E93: =D93*C93 -> 107.5 | F93: =D93*1.18*0.07 -> 0.17759 | G93: =ROUND((((D93*1.15)*1.18)+F93+0.14)*1.2,2) -> 3.88 | H93: =ROUNDUP(G93*1.04*$N$1,2) -> 11.51 | I93: =ROUNDUP(G93*1.2*$N$1,2) -> 13.27 | J93: =ROUNDUP(G93*1.03*$N$1,2) -> 11.39 | K93: =N93*0.95 -> 0 | M93: =ROUNDUP(L93*0.88,2) -> 0 | N93: =ROUNDUP(L93*$N$1,2) -> 0 | O93: =ROUNDUP(N93*0.88,2) -> 0 | P93: =G93*C93 -> 194 | Q93: =L93*C93 -> 0 | R93: =Q93-P93 -> -194 | T93: Paeo L Mme Claude Tain
A94: =[1]Лист4!A275 -> 8 | B94: =[1]Лист4!C275 -> FGGD11-14 Пион Ред Шарм | C94: =[1]Лист4!D275 -> 20 | D94: =[1]Лист4!F275 -> 0.67 | E94: =D94*C94 -> 13.4 | F94: =D94*1.18*0.07 -> 0.055342 | G94: =ROUND((((D94*1.15)*1.18)+F94+0.14)*1.2,2) -> 1.33 | H94: =ROUNDUP(G94*1.04*$N$1,2) -> 3.95 | I94: =ROUNDUP(G94*1.2*$N$1,2) -> 4.55 | J94: =ROUNDUP(G94*1.03*$N$1,2) -> 3.91 | K94: =N94*0.95 -> 0 | M94: =ROUNDUP(L94*0.88,2) -> 0 | N94: =ROUNDUP(L94*$N$1,2) -> 0 | O94: =ROUNDUP(N94*0.88,2) -> 0 | P94: =G94*C94 -> 26.6 | Q94: =L94*C94 -> 0 | R94: =Q94-P94 -> -26.6 | T94: Paeo Red Charm
A95: =[1]Лист4!A276 -> 8 | B95: =[1]Лист4!C276 -> FGGD11-14 Пион Сара Бернард | C95: =[1]Лист4!D276 -> 50 | D95: =[1]Лист4!F276 -> 0.91 | E95: =D95*C95 -> 45.5 | F95: =D95*1.18*0.07 -> 0.075166 | G95: =ROUND((((D95*1.15)*1.18)+F95+0.14)*1.2,2) -> 1.74 | H95: =ROUNDUP(G95*1.04*$N$1,2) -> 5.16 | I95: =ROUNDUP(G95*1.2*$N$1,2) -> 5.96 | J95: =ROUNDUP(G95*1.03*$N$1,2) -> 5.11 | K95: =N95*0.95 -> 0 | M95: =ROUNDUP(L95*0.88,2) -> 0 | N95: =ROUNDUP(L95*$N$1,2) -> 0 | O95: =ROUNDUP(N95*0.88,2) -> 0 | P95: =G95*C95 -> 87 | Q95: =L95*C95 -> 0 | R95: =Q95-P95 -> -87 | T95: Paeo Sara Bernhardt
A96: =[1]Лист4!A271 -> 8 | B96: =[1]Лист4!C271 -> FGGD11-14 Пион Фонтайн | C96: =[1]Лист4!D271 -> 40 | D96: =[1]Лист4!F271 -> 0.81 | E96: =D96*C96 -> 32.4 | F96: =D96*1.18*0.07 -> 0.066906 | G96: =ROUND((((D96*1.15)*1.18)+F96+0.14)*1.2,2) -> 1.57 | H96: =ROUNDUP(G96*1.04*$N$1,2) -> 4.66 | I96: =ROUNDUP(G96*1.2*$N$1,2) -> 5.37 | J96: =ROUNDUP(G96*1.03*$N$1,2) -> 4.61 | K96: =N96*0.95 -> 0 | M96: =ROUNDUP(L96*0.88,2) -> 0 | N96: =ROUNDUP(L96*$N$1,2) -> 0 | O96: =ROUNDUP(N96*0.88,2) -> 0 | P96: =G96*C96 -> 62.8 | Q96: =L96*C96 -> 0 | R96: =Q96-P96 -> -62.8 | T96: Paeo L Cath Fontijn
A97: =[1]Лист4!A274 -> 8 | B97: =[1]Лист4!C274 -> FGGD11-14 Пион Шерил Темплер | C97: =[1]Лист4!D274 -> 50 | D97: =[1]Лист4!F274 -> 0.75 | E97: =D97*C97 -> 37.5 | F97: =D97*1.18*0.07 -> 0.06195 | G97: =ROUND((((D97*1.15)*1.18)+F97+0.14)*1.2,2) -> 1.46 | H97: =ROUNDUP(G97*1.04*$N$1,2) -> 4.33 | I97: =ROUNDUP(G97*1.2*$N$1,2) -> 5 | J97: =ROUNDUP(G97*1.03*$N$1,2) -> 4.29 | K97: =N97*0.95 -> 0 | M97: =ROUNDUP(L97*0.88,2) -> 0 | N97: =ROUNDUP(L97*$N$1,2) -> 0 | O97: =ROUNDUP(N97*0.88,2) -> 0 | P97: =G97*C97 -> 73 | Q97: =L97*C97 -> 0 | R97: =Q97-P97 -> -73 | T97: Paeo L Shirle Temple
A98: =[1]Лист4!A210 -> 1 | B98: =[1]Лист4!C210 -> FGGD11-14 Роза ветвистая Нотре Дам NL 70 | C98: =[1]Лист4!D210 -> 120 | D98: =[1]Лист4!F210 -> 2.19 | E98: =D98*C98 -> 262.8 | F98: =D98*1.18*0.07 -> 0.180894 | G98: =ROUND((((D98*1.15)*1.18)+F98+0.14)*1.2,2) -> 3.95 | H98: =ROUNDUP(G98*1.04*$N$1,2) -> 11.71 | I98: =ROUNDUP(G98*1.2*$N$1,2) -> 13.51 | J98: =ROUNDUP(G98*1.03*$N$1,2) -> 11.6 | K98: =N98*0.95 -> 0 | M98: =ROUNDUP(L98*0.88,2) -> 0 | N98: =ROUNDUP(L98*$N$1,2) -> 0 | O98: =ROUNDUP(N98*0.88,2) -> 0 | P98: =G98*C98 -> 474 | Q98: =L98*C98 -> 0 | R98: =Q98-P98 -> -474 | T98: R Tr Garden Notre Dame
A99: =[1]Лист4!A211 -> 1 | B99: =[1]Лист4!C211 -> FGGD11-14 Роза ветвистая Роял Блаш NL 70 | C99: =[1]Лист4!D211 -> 20 | D99: =[1]Лист4!F211 -> 3.02 | E99: =D99*C99 -> 60.4 | F99: =D99*1.18*0.07 -> 0.249452 | G99: =ROUND((((D99*1.15)*1.18)+F99+0.14)*1.2,2) -> 5.39 | H99: =ROUNDUP(G99*1.04*$N$1,2) -> 15.98 | I99: =ROUNDUP(G99*1.2*$N$1,2) -> 18.44 | J99: =ROUNDUP(G99*1.03*$N$1,2) -> 15.83 | K99: =N99*0.95 -> 0 | M99: =ROUNDUP(L99*0.88,2) -> 0 | N99: =ROUNDUP(L99*$N$1,2) -> 0 | O99: =ROUNDUP(N99*0.88,2) -> 0 | P99: =G99*C99 -> 107.8 | Q99: =L99*C99 -> 0 | R99: =Q99-P99 -> -107.8 | T99: R Tr Royal Blush (vip)
A100: =[1]Лист4!A202 -> 1 | B100: =[1]Лист4!C202 -> FGGD11-14 Роза дэвид аустин Евгений 50 | C100: =[1]Лист4!D202 -> 12 | D100: =[1]Лист4!F202 -> 2.71 | E100: =D100*C100 -> 32.52 | F100: =D100*1.18*0.07 -> 0.223846 | G100: =ROUND((((D100*1.15)*1.18)+F100+0.14)*1.2,2) -> 4.85 | H100: =ROUNDUP(G100*1.04*$N$1,2) -> 14.38 | I100: =ROUNDUP(G100*1.2*$N$1,2) -> 16.59 | J100: =ROUNDUP(G100*1.03*$N$1,2) -> 14.24 | K100: =N100*0.95 -> 0 | M100: =ROUNDUP(L100*0.88,2) -> 0 | N100: =ROUNDUP(L100*$N$1,2) -> 0 | O100: =ROUNDUP(N100*0.88,2) -> 0 | P100: =G100*C100 -> 58.2 | Q100: =L100*C100 -> 0 | R100: =Q100-P100 -> -58.2 | T100: Rosa David Austin Eugenie
...
